Entry,City,Country code,Edition,Country,Continent
"Aarwangen, a Swiss town, II. 4",,SZ,7,Eswatini,Africa
"Aba, II. 5",Aba,NG,7,Nigeria,Africa
" (Sir Ralph), II. 26—his expedi¬ tion to Holland, V. 489, 494—and to Egypt, V. 504; VIII. 492; X. 120— his death and character, V. 505",Holland,"EG,US",7,"Egypt,United States","Africa,North America"
"Aboukir, a town in Egypt, II. 40—battle of, V. 485 ; VIII. 489, 491, 492 ; X",,EG,7,Egypt,Africa
"Aboutige, a town in Egypt, II. 41",,EG,7,Egypt,Africa
"Abusir, a town of Egypt, II. 48",,EG,7,Egypt,Africa
"Abydus, or Abydos, in Egypt, II. 48— antiquities at, VIII. 543—Tablet of, ib. XI. 354",,EG,7,Egypt,Africa
" , Egyptian town, VIII. 545",,EG,7,Egypt,Africa
"Achmim, a town in Egypt, II. 97",,EG,7,Egypt,Africa
"Adeb, an Egyptian weight, II. 147",,EG,7,Egypt,Africa
"Adule, or Adulis, Egyptian town, II",,EG,7,Egypt,Africa
"Egimurus, an island near Carthage, II",Carthage,TN,7,Tunisia,Africa
"Aeria, the ancient name of Egypt, II",,EG,7,Egypt,Africa
"Aernen, a Swiss town, II. 176",,SZ,7,Eswatini,Africa
"Ethiopia, II. 199. See Ethiopia",,ET,7,Ethiopia,Africa
"Agadeer, in Morocco, XV. 508",,MA,7,Morocco,Africa
"Agga, in Guinea, II. 244",,GN,7,Guinea,Africa
"  (George), a German physician, II. 251",George,"ZA,DE",7,"South Africa,Germany","Africa,Europe"
"50—Lapland, 107—Leicestershire, 209 —Leitrim, 223—Limerick, 349—Lin¬ colnshire, 352—Lombardy, 470, 480— the vicinity of London, 506—London¬ derry,551—Longford, 556—Louth,575 —Madagascar, XIII. 666—Malta, XIV","Limerick, London, London, Louth","GB,MG,MT,US",7,"United Kingdom,Madagascar,Malta,United States","Europe,Africa,Europe,North America"
"64—Isle of Man, 213—Meath, XIV. 346 —Mexico, 799—Monaghan, XV. 380— Moray, 491—Navarre, 744—New South Wales, XXI. 716—New York, XVI","Man, Navarre, New York","US,MX,CI",7,"United States,Mexico,Côte d'Ivoire","North America,North America,Africa"
"185 —Norfolk, 244; XI. 764—Nor¬ thumberland, XVI. 254—Norway, 265 —Nova Scotia, 267—Odessa, 322— Ohio, 327—Orkney, 541—Oxfordshire, 686 — Pembrokeshire, XVII. 183— Perthshire, 290—Poland, XVIII. 212— Portugal, 179—Prussia, 691—Queen’s County, 787—Radnorshire, XIX. 11— Renfrewshire, 120—Rome, 434—Ros¬ common, 479—Ross-shire, 484, 486— Roxburghshire, 512—Russia, 568, 575 —Rutlandshire, 592—Shropshire, 622 —Savoy, 649—Sardinia, 650—Saxony, 670—Scotland, 752 ; XI. 764—Selkirk¬ shire, XX. 85—Seville, 163—Siberia, 325—Sligo, 393—Somersotshire, 475— AGR—AIL Spain, 518—Staffordshire, 559—Stir¬ lingshire, 730—Suffolk, 789—Sussex, XXI. 9—Sutherland, 11—Sweden, 31 —Switzerland, 48—Tennessee, 182- Isle of Thanet, 190—Tipperary, 314— Tuscany, 432—Tyrone, 440—United States, 463; H. 646—Virginia, XXI","Norfolk, Odessa, Orkney, Rome, Sligo, Suffolk, Virginia","US,ZA,NO,PL,PT,RU,ES,SE,CH,IE",7,"United States,South Africa,Norway,Poland,Portugal,Russian Federation,Spain,Sweden,Switzerland,Ireland","North America,Africa,Europe,Europe,Europe,Europe,Europe,Europe,Europe,Europe"
"Alcamel, caliph of Egypt, VIII. 483",,EG,7,Egypt,Africa
"624—was a poor judge of merit in painting, III. 281—educated by Aris totle, III. 491—his army, 588—era of, VI. 660—Egypt under, VIII. 469— anecdote of, IX. 577—his geographical discoveries, X. 390—his expedition to India, XI. 409; III. 696—his military exploits and conquests, XIII. 630 et seq.; XI. 474—his death and character, XIII. 639—his will, 641—burial, 642 —monarchy founded by, XV. 381—his invasion of Persia, XVII. 260—Tyre taken by, XXI. 437",Tyre,"EG,IN,LB",7,"Egypt,India,Lebanon","Africa,Asia,Asia"
"Algiers, II. 503, 235; IV. 360—Admi¬ ral Blake’s negotiation with, 673— Christian slavery at, 366—Lord Ex¬ mouth’s attack on, V. 542—Mr Bruce’s residence at, 606—weights and measures of, XXL 851",Algiers,DZ,7,Algeria,Africa
"Alkalies, II. 516 ; VI. 436—vegetable, 460—Sir H. Davy’s decomposition of, by means of galvanism, VII. 639— manufacture of, at Newcastle, XVI",Newcastle,ZA,7,South Africa,Africa
"A1 Ksar, in Morocco, XV. 505",,MA,7,Morocco,Africa
"364—Phoenician, 366—Arabic, 371— Ethiopic, 375—Egyptian, 377—-Sans¬ crit, 384—Bengalese, 385—Greek, 396 —Gothic, 418—for the blind, IV. 697 —finger, 699; VII. 650—origin of al¬ phabetic writing, XVII. 362—propos¬ ed universal alphabets, V. 321",,"EG,GR",7,"Egypt,Greece","Africa,Europe"
"Ambouitsmene, in Madagascar, II. 595",,MG,7,Madagascar,Africa
" (Francis and George d’), II, 595",George,ZA,7,South Africa,Africa
"Amboule, in Madagascar, II. 596",,MG,7,Madagascar,Africa
"Amenophion, or Memnonium, at Thebes in Egypt, VIII. 538",,EG,7,Egypt,Africa
"Anamboa, in Guinea, II. 683",,GN,7,Guinea,Africa
"Angola, in Africa, III. 151",,AO,7,Angola,Africa
"Annett (Peter), his “ History of the Man after God’s own Heart,” VI. 317",Man,CI,7,Côte d'Ivoire,Africa
"Anson (George, Lord), III. 238—his voyage round the world, V. 379 • XVd. 54 his visit to the Ladrone Islands, XIII. 10 ; XVIII. 317—Nar¬ rative of his Voyage, XIX. 303",George,ZA,7,South Africa,Africa
"Antavare, in Madagascar, III. 245",,MG,7,Madagascar,Africa
"  Epiphanes, XI. 477—his inva¬ sion of Egypt, VIIL 472—his treat¬ ment of the Jews, XII. 569; XIX",,EG,7,Egypt,Africa
"Antiquities, HI. 255—academies of, II. 75—pleasure from the study of, IV. 492 ; XIV. 465—Egyptian, VIII",,EG,7,Egypt,Africa
"Appenzell, a Swiss canton, III. 308— education in, XXI. 50",,SZ,7,Eswatini,Africa
"Apries, king of Egypt, III. 311; VIII",,EG,7,Egypt,Africa
"Aqua, III. 312—Extincta—Fortis— Marina—Regia— Secunda—Tofana, ib","Marina, Secunda","US,ZA",7,"United States,South Africa","North America,Africa"
"Arabians, or Saracens, of the middle ages —the first discoverers in Africa, II. 220 —the invention of algebra claimed by them, 421—their conquest of Algiers, 503—fond of astrology, 531-2—anato¬ my little improved by them, 691— science cultivated by them, 692—their architecture, III. 378—astronomy, 734 •—numeral digits, II. 7, 12—introduc¬ tion of these into Europe, III. 539, 540 —their chemical knowledge, VI. 342— their dials, VII. 759—were the most enlightened people during the middle ages, VIII. 477—their attention to geography, X. 396—were ignorant of the compass, 527—their knowledge of gunpowder, XI. 76—their conquests; III. 686 ; XL 480—their study of mathematics, X. 427 ; XIV. 315, 316 —their art, XVI. 707—their know¬ ledge of anatomy and physiology, XVII. 726 ; and of surgery, XX. 825, See Saracens, Mahommed",Algiers,DZ,7,Algeria,Africa
"Arabs (Modern), III. 329—in Africa, IL 224, 225—in Barbary, IV. 3 64—in Egypt, VIII. 520—in Nubia. XVI",,EG,7,Egypt,Africa
"Araw, Swiss town, IIL 375",,SZ,7,Eswatini,Africa
"Arberg, Swiss town, III. 375",,SZ,7,Eswatini,Africa
"Arburg, a Swiss town, III. 376",,SZ,7,Eswatini,Africa
"Arch, III. 378—the Romans skilful builders of the, 260—principle of, known to the Greeks, 414 5 but its properties unknown, 417—invention of the, ib.—first extensively used by the Romans, ib., 418 —Gothic, by whom invented ? 420—Saxon, 454— Anglo-Norman, ib.—Pointed, 454, et seq.—Lancet, 455—Roman triumphal arches, 443, 451 ; XIX. 430—arch of Titus, III. 461—definition of, 464—Mr Atwood on the, IV. 188—equilibrium of arches, V. 266; XIV. 395—arches in brickwork, V. 668; XX- 376—old ARC Egyptian, XIV. 286, note 1—mode of describing, 298—oblique, 299 5 XX",Roman,"RO,EG",7,"Romania,Egypt","Europe,Africa"
"573—remains of Greek and Roman, III. 260—its present state in Britain, ib.—Egyptian, 262, 431 ; VIII. 530— Nubian, XVI. 296—Hindoo, III. 433; XI. 408—Grecian, III. 434—Roman, 443—Italian, 451—Pointed, 453—prin- ARC—ARE ciples of architectural composition, 459—^glossary of terms, 464—Alison on the beauty of Grecian, IV. 496— Coulomb’s statical problems relating to, VII. 425—improved by the Cru¬ sades, 494. See Arch, Building, Car¬ pentry, Chimney, Dome, Roof, &c","Roman, Roman, Dome","RO,GH,GR,EG,IT",7,"Romania,Ghana,Greece,Egypt,Italy","Europe,Africa,Europe,Africa,Europe"
"585—of Baden, 610—Austrian, 603 ; IV. 233—Bavarian, III. 610; IV. 461 —Brazilian, V. 205—British, III. 616 —Burmese, IV. 245—Carthaginian, III. 589—Chinese, VI. 575—Danish, III. 609 ; VII. 729—of St Domingo, VIII. 107—ancient and modern Egyp¬ tian, III. 580; VIII. 502—French, III. 598; X. 204—of the Germanic confederation, III. 611—ancient and modern Greek, 584, 615—Hanove¬ rian, 610—Indian, XL 463—Mace¬ donian, III. 586—of the middle ages, 595—modern, 596—Neapolitan, 612 —of the Netherlands, 611—ancient Persian, 582—Portuguese, 602—Prus¬ sian, 605—Roman, 589; XIX. 379— Russian, III. 606; XIX. 574—Sar¬ dinian, III. 612—Saxon, 609—of Sinde, XX. 365—Spanish, III; 601; XX. 523 —Spartan, IIL 585—Swedish, 609— Swiss, XXL 47—Theban, III. 588- Tuikish, 612; XXI. 424—of the Unit- ARN—ARS ed States, IIL 616$ XXL 480—of Wurtemberg, III. 610 ; XXI. 947— continental armies in the eleventh century, VIII. 712, n.—standing army, IX. 23; discussions about, V. 456; ad¬ vantages of, XXI. 736—Mr Windham’s act for the improvement of the, V. 520 —Lord Howick’s bill for religious emancipation in the, 521—militia act, 526—royal prerogative in relation to the, XVIII. 522—war-horse, XI. 592","Baden, Roman","NL,CH,RO,AT,BR,GB,CN,FR,GR,IN,PT,RU,ES,SE,SZ",7,"Netherlands,Switzerland,Romania,Austria,Brazil,United Kingdom,China,France,Greece,India,Portugal,Russian Federation,Spain,Sweden,Eswatini","Europe,Europe,Europe,Europe,South America,Europe,Asia,Europe,Europe,Asia,Europe,Europe,Europe,Europe,Africa"
"Arris, in architecture, III. 465",Arris,DZ,7,Algeria,Africa
"Arzew, a town in Algiers, III. 662",Algiers,DZ,7,Algeria,Africa
"Asna, or Esna, in Egypt, III. 702",,EG,7,Egypt,Africa
"Atlantis, IV. 130",Atlantis,ZA,7,South Africa,Africa
"Atlas, king of Mauritania, IV. 131",,MR,7,Mauritania,Africa
"750—its capacity for heat at different degrees of rarity, 750—circulation of air between the poles and the equator, 758—air lost by water in the act of freezing, VII. 61—quantity of, neces¬ sary for respiration, VIII. 59—re¬ markably dry and saline in Egypt, 514 —electricity of the, 614—no muriatic acid in sea-air, IX. 433—resistance of the, XI. 42, XVIII. 644—specific gravity of, XII. 26—relations of air to heat, XII. 114—mutual repulsion of its particles, 120—air emitted by ve¬ getables, 275—magnetic condition of the, XIII. 742, 753—influence of its purity andhygrometi’ic state onhealth, XIV. 511—its colour, 740 ; XVI. 510 ; XVII. 530—its height, XIV. 719 ; XVIII. 74, 102 —its constitution, XIV. 719—the variations of its local weight unexplained, 721—new theory proposed, 722—ho'.v affected by heat and moisture, 721—law of atmospheric solution, 733—quantity of moisture held in the, 736—its extent, XV. 178 —moon’s influence on the, 442—un¬ usual refraction of the, XVI. 509—ef¬ fects of respiration on, XVII. 646— mechanical properties of, XVIII. 69— its necessity to animal life, 121—its density and weight, XVII. 529 ; com¬ position, 530—aqueous vapour in the, 532—Otto Guericke’s experiments on its pressure, XX. 622—effect of its pressure on the level of the sea, XXI",,EG,7,Egypt,Africa
"Axim, African territory, IV. 257",Axim,GH,7,Ghana,Africa
"Az amor, a sea-port in Morocco, IV. 2 61; XV. 506",,MA,7,Morocco,Africa
"Bacchius, ancient author, IV. 271, Bacchus (Egyptian), IV. 272; XVI",,EG,7,Egypt,Africa
" , Swiss town, IV. 277",,SZ,7,Eswatini,Africa
"BAD—BAJ Badia (Senor), his travels in Egypt, VIII. 557",,EG,7,Egypt,Africa
"Baglivi (George), physician, IV. 281",George,ZA,7,South Africa,Africa
"Balfour (Sir James), his “ Practicks,” XX. 373",Balfour,ZA,7,South Africa,Africa
"Bali, island, IV. 318",Bali,CM,7,Cameroon,Africa
"Baro, or Baron (Peter), IV. 383",Baro,NG,7,Nigeria,Africa
"Barrett (George), his calculations of an¬ nuities, III. 200",George,ZA,7,South Africa,Africa
"Bate, (George), IV. 439—Isle, 440",George,ZA,7,South Africa,Africa
"BAT—BAX 429 ; XXI. 236—Egyptian, VIII. 528 —warming of, by steam, XX. 607—of Teflis, XXL 135. See Bathing, Bux¬ ton, Carlsbad, &c",Carlsbad,"US,EG",7,"United States,Egypt","North America,Africa"
"BEC—BEE Beckford, Lord Mayor of London, his address to George III., V. 392","London, George","GB,ZA",7,"United Kingdom,South Africa","Europe,Africa"
"Beira, IV. 609",Beira,MZ,7,Mozambique,Africa
"Belbeis, Egyptian town, IV. 542",,EG,7,Egypt,Africa
"Belzoni (Mr), XVI. 296—obelisk trans¬ ported from Philae by, VIII. 531-2— pyramid of Cephrenes explored by, 548, 558—his other Egyptian and Nu¬ bian discoveries, 558-9",,EG,7,Egypt,Africa
"Benguela, in Africa, IV. 570",Benguela,AO,7,Angola,Africa
"Benhinnom, IV. 571, Beni, river, XVII. 92",Beni,CD,7,"Congo, The Democratic Republic of the",Africa
"Benin, IV. 571. See Niger, XVI. 218",,BJ,7,Benin,Africa
"— (George), IV. 573",George,ZA,7,South Africa,Africa
"Berber, in Nubia, XVI. 294",Berber,SD,7,Sudan,Africa
" •, Egyptian city, VIII. 560",,EG,7,Egypt,Africa
"Berkeley, (George), bishop of Cloyne, IV. 584—refutation of a fallacy in his work on Vision, I. 244—his interview with Malebranche, 80—character of his genius, 163—Pope’s veneration for, ib.—his popularity made meta¬ physics fashionable, 164—chief aim of his work on Vision, ib.—his doctrine unknown to the ancients, ib.—merit of the new theory of vision not exclu¬ sively his own, 165—""did not lay claim to complete originality, 166—sense in which he employed the term sugges¬ tion, 167—his object in denying the existence of matter, 168—value which he attached to his system of idealism, and the impression it made, 168, 169 —his theory of Vision contains a great discovery in mental philosophy, 349—his speculations not sceptical, ib.—his talents and virtues praised by all, 350—his attempt to reclaim the natives of North America, ib.—made bishop of Cloyne, ib.—his patriotism with regard to Ireland, ib.—his ge¬ neral principles of Ethics, 351—his graceful and beautiful diction, ib.; XXI. 89—his reasonings undoubtedly produced the scepticism of Hume,’1","Berkeley, George","IE,US,ZA",7,"Ireland,United States,South Africa","Europe,North America,Africa"
"Bethlehem, IV. 603; XVI. 741",Bethlehem,ZA,7,South Africa,Africa
"Beyra, or Beira, IV. 609",Beira,MZ,7,Mozambique,Africa
"Biscara, town of Algiers, IV. 651",Algiers,DZ,7,Algeria,Africa
"Blindness, IV. 702, 703—common in Egypt, VIII. 516. See Blind",,EG,7,Egypt,Africa
"Bo, islands, IV. 720",Bo,SL,7,Sierra Leone,Africa
"Bo’ness, in Linlithgowshire, V. 18—- singular colliery at, VII. 71",Bo,SL,7,Sierra Leone,Africa
"Bonny, river, XVI. 223",Bonny,NG,7,Nigeria,Africa
"332—arch of, XIV. 299—skew, ib.; XX. 375 — canal draw and swing bridges, XVI. 35—Rennie’s bridges, XIX. 121, 122—Ouseburn bridge at Newcastle, XX. 377—viaduct, XXI",Newcastle,ZA,7,South Africa,Africa
"Brine, V. 289—Pans, ib.—Pit, ib.— Springs, ib. See Salt-springs",Springs,ZA,7,South Africa,Africa
"230—barracks, 405—cultivation of bo¬ tany, V. 82, 91—trade with Buenos Ayres, 650 ; and with Chili, VI. 533 —date of the revolution of 1688, 655 —coal-trade, VII. 7—collieries, 70— coal, 71—trade with Columbia, 91 — penal colonies, 116—passion for en¬ larging the navy to excess, 122—co¬ lonies, 124—commerce, 160—navi¬ gation-laws, 122, 160 — commercial treaty with France in 1786, 161—ex¬ ports to North America, India, and the West Indies, ib.—books published in, 320 — corn-laws and corn-trade, 333—quantity of corn produced and consumed, 354—American war, 369 — cotton-manufacture, 398, 407 — cutlery, 567 —Druids, VIII. 203- expeditions to Egypt in 1798 and 1807, 489, 497—statistics, IX. 412- fairs, 476—fisheries, 590—Bonaparte’s plan of invasion of, X. 136—French trade with, 189,192—commencement of war of the French revolution, 773 —Indian possessions, XI. 412, etseq. ; dogs, 697—hunting, 740, 746—coun¬ try gentlemen, 740—variation of the needle, XIII. 734—cattle, XIV. 166— stratified rocks, XV. 180—mines, 243 enumerations of population, 523—an¬ cient forests, 572—inland navigation, XVI. 7—school of painting, 724— earthquakes, XVII. 512—increase of population, XVIII. 411—popery, XIX",Columbia,"FR,IN,US,EG",7,"France,India,United States,Egypt","Europe,Asia,North America,Africa"
"516 ; XX. 356—on the shepherd-in¬ vaders of Egypt, VIII. 462—on the formation of the Egyptian Delta, 508 —on the source of the Nile, XVI. 227 —his argument for polygamy, XVIII",,EG,7,Egypt,Africa
"525—language of, XIII, 60—memory of, XIV. 618—worship of, in Egypt, XV. 681—minds and brains of, XVII",,EG,7,Egypt,Africa
"Buchanan (Archibald), his cotton ma¬ chines, X. 555, 556, 558",Buchanan,LR,7,Liberia,Africa
"• (George), V. 627—character of his work JJe Jure Regni apud Scotos, I. 31—Ruddiman’s and Burman’s edi¬ tions of his History of Scotland, V",George,ZA,7,South Africa,Africa
"Buc (George), antiquary, V. 620",George,ZA,7,South Africa,Africa
"Bugie, town in Egypt, V. 662",,EG,7,Egypt,Africa
"Bulah, Egyptian village, V. 700",,EG,7,Egypt,Africa
" -, (George), bishop, V. 702",George,ZA,7,South Africa,Africa
"Bubckhabdt (John Ludwig), V. 707 ; VIII. 529. n. 2—his account of Ara¬ bia, III. 324, et seq.—his discoveries in Egypt and Nubia, VIII. 558, 559 —his account of Syria, XXL 59, et seq",Ara,"EG,SY,IN",7,"Egypt,Syrian Arab Republic,India","Africa,Asia,Asia"
"Burman (Peter), V. 716—his edition of Buchanan’s works, 633",Buchanan,LR,7,Liberia,Africa
"Buenet (Gilbert), bishop of Salisbury, V. 722—on Buchanan’s History, 633 — on the characters of Lord Stair, VII. 600 ; William find John Forbes, IX. 738, 739 ; and Bishop Leighton, XIII. 212, et seq","Gilbert, Salisbury, Buchanan","US,LR",7,"United States,Liberia","North America,Africa"
"Busiris, Egyptian city, V. 748",,EG,7,Egypt,Africa
"Buto, Egyptian god, VIII. 553; XL 321",,EG,7,Egypt,Africa
"Byng (George), Lord Viscount Torring- ton, V. 755—his capture of the Spa¬ nish fleet, V. 376",George,ZA,7,South Africa,Africa
"Caana, a town in Egypt, V. 762",,EG,7,Egypt,Africa
"Cadi, V. 769—in Egypt, VIII. 521",,EG,7,Egypt,Africa
"Cadoual (George), X. 129",George,ZA,7,South Africa,Africa
"C*sar (Julius;, V. 775; XIX. 395, et seq.; XI. 478—his triumph over the Roman nobility, I. 305—his invasion of Britain, V. 297—his reform of the calendar, VI. 5—Dr Clarke’s edition of nis Commentaries, VI. 729—his expedition to Egypt, VIII. 475—his as¬ sumption of sovereignty, XIV. 463— his conduct in Africa, XVI. 308—his expedition against Pharnaces, XVIII, 361—the Helvetii defeated by, XXI",Roman,"EG,RO",7,"Egypt,Romania","Africa,Europe"
"Cailliaud (Monsieur), ancient Egyptian city discovered hy, VIII. 560",,EG,7,Egypt,Africa
"Cairo, V. 779 ; II. 230 ; VIII. 519— captured by the British in 1801, V",Cairo,"EG,GB",7,"Egypt,United Kingdom","Africa,Europe"
"Calendar, VI. 3—Mexican, II. 623, 634 —Burmese, IV. 245—Hindoo, VI. 263 —Druidical, VIII. 206 — Egyptian, 554—French revolutionary, X. 84— gardener’s, XI. 687—why not reform¬ ed in Russia, XIX. 585—errors from confounding civil and ecclesiastical years, XVIII. 391, n. See Chrono¬ logy, Day, Month, Year",,"RU,MX,EG,FR",7,"Russian Federation,Mexico,Egypt,France","Europe,North America,Africa,Europe"
"Cambyses, XVII. 259—his conquest of Egypt, VIII. 468 — his expedition against the Macrobians, IX. 378— his treatment of Croesus, XX. 454, n. 4",,EG,7,Egypt,Africa
"735 — Devonshire, 745—the Great Doab, 684—Edinburgh and Glasgow, VIII. 430—in Egypt, 514, 523, 550 ; II. 413; XX. 788—England, VIII. 763 —France, X. 172—Forth and Clyde, VIII. 258; X. 550; XIX. 751—in Germany, X. 483—Glasgow and Ar- drossan, IV. 260 ; X. 551—in Glouces¬ tershire, 586—Holland, XI. 531—Ire¬ land, XII. 413, 713—Italian, for irri¬ gation, 484 ; XIII. 470—in Kentucky, XII. 698—of Kiel, IV. 331; VII","Edinburgh, Glasgow, Glasgow, Holland, Kiel","GB,DE,EG,FR,US,IT",7,"United Kingdom,Germany,Egypt,France,United States,Italy","Europe,Europe,Africa,Europe,North America,Europe"
"520—Staffordshire, 558—Isthmus of Suez, 788 — Surrey, 847 — Sweden, XXL 389—United States, 470—War¬ wickshire, 782—Wiltshire, 891","Suez, Surrey","SE,US,EG,CA",7,"Sweden,United States,Egypt,Canada","Europe,North America,Africa,North America"
"Canning (George), VI. 81—his acces¬ sion to power, V. 522—duel with Lord Castlereagh, 527—declaration against parliamentary reform, 556—appointed foreign secretary in 1823, 558—his eloquence and popularity, 560; XIX","Canning, George, Castlereagh","IN,ZA,GB",7,"India,South Africa,United Kingdom","Asia,Africa,Europe"
"Cape Coast Castle, VII. 9",Cape Coast,GH,7,Ghana,Africa
"Cape Town, X. 611",Cape Town,ZA,7,South Africa,Africa
"Caphtor, in Egypt, VI. 110",,EG,7,Egypt,Africa
"607—Egyptian, VIII. 526—in the Sa¬ hara, XIX. 613",,EG,7,Egypt,Africa
"Carlos (San), in Venezuela, VI. 143",San,"VE,ML",7,"Venezuela, Bolivarian Republic of,Mali","South America,Africa"
"Carnot on the defence of fortified places, IX- 771—his system of tactics, XXI",Carnot,CF,7,Central African Republic,Africa
"Caroline, consort of George,II., her con¬ versations with Whiston, XXI. 870",George,ZA,7,South Africa,Africa
"  , consort of George the Fourth, V. 533, 535, 548—her arrival in Eng¬ land, 549—trial, 550—death, 554",George,ZA,7,South Africa,Africa
"Carouge, Swiss city, VI. 151",Carouge,"CH,SZ",7,"Switzerland,Eswatini","Europe,Africa"
"Carthage, VI. 183—ruins of, II. 235; IV. 363—commerce, VII. 156—his¬ tory, XI. 472, et seq.—wars with the Romans, XIX. 384, 386, 388 ; and Syracusans, XXI. 55, et seq. — con¬ quests in Spain, XX. 490",Carthage,"ES,TN",7,"Spain,Tunisia","Europe,Africa"
"Castes, VI. 220—in India, V. 176; XL 402—their effects there, VII. 395  in ancient Egypt, VIII. 461, 465",,"IN,EG",7,"India,Egypt","Asia,Africa"
"Castletown, in the Isle of Man, VI",Man,CI,7,Côte d'Ivoire,Africa
"Caviglia (Captain), on the pyramid of Cheops, VIII. 547, 558—his discove¬ ries in Egypt, 558",,EG,7,Egypt,Africa
"Cedrenus (George), VI. 270",George,ZA,7,South Africa,Africa
"Centurion, VI. 294 ; III. 591",Centurion,ZA,7,South Africa,Africa
"Ceres, heathen goddess, VI. 296 ; VII",Ceres,ZA,7,South Africa,Africa
" (George), VI. 308, 94 —on the agriculture of Scotland, II. 254—on the corn raised and consumed in the United Kingdom, VII. 354",George,"GB,ZA",7,"United Kingdom,South Africa","Europe,Africa"
"Champollion (Mons.), on Egyptian ar¬ chitecture, III. 409, 410—his system of hieroglyphics, VIII. 216 ; XI. 341 —Egyptian temples, &c. visited by» VIII. 534, et seq",Mons,"EG,BE",7,"Egypt,Belgium","Africa,Europe"
"334—coronation there, 335—invasion of England, and defeat at Worcester, 336—escape to France, ib.—reign of, 341—his death and character, 354 —Robert Barclay’s dedication to, IV",Worcester,"FR,ZA",7,"France,South Africa","Europe,Africa"
"330—his expedition against Algiers, II. 505—dominions of, IV. 219—his policy towards the Netherlands, XL 510—his wars in Italy, XII. 476— Robertson’s History of, XIX. 301— his Spanish reign, XX. 501—his ab¬ dication and character, 502—Titian patronized by, XXL 318",Algiers,"NL,IT,DZ,ES",7,"Netherlands,Italy,Algeria,Spain","Europe,Europe,Africa,Europe"
"723—his reign, XXI. 21—his army, III. 597—his desij ?ns against George I., V. 376—fond of chess, VI. 519—his wars with the Russians, XIX. 542",George,ZA,7,South Africa,Africa
"516, 523, 525—pathological chemistry, 518 — chemical effects of the solar INDEX 37 CHE—CHE spectrum, XVI. 421—vital affinity, XVII. 137, 593, 595, 618, 652 — Egyptian knowledge of, 430—chemi¬ cal functions of animals, 581, 592, 618 — chemical constitution of organized matter, 618—proximate animal prin¬ ciples, 619—effects of respiration, 646 —chemical power of the electric pile, XXI. 673—chemical effects of voltaic electricity, 678 ; and of thermo-elec¬ tricity, 698. See Cold, Heat, Electro¬ chemistry, Oxygen, &c",,EG,7,Egypt,Africa
"Cheistianity, VI. 620—in Abyssinia, II. 50, 51—capacity of the aboriginal Americans for, 631—Lord Hailes’s CHR—CHR Inquiry into the Secondary Causes assigned by Gibbon for its rapid pro¬ gress, VII. 603, 604—inimical to theatres, VIII. 152 — abolished in France, X. 84—re-established by Bo¬ naparte, 125—history of, XI. 487, ei seq.—compared with Mahommedan- ism, XL 707 ; XIV. 39—its influence on the arts, XVI. 706 ; and on poetry, XVIII. 155-diffusion of, XIX. 110 ; in Germany, X. 479—established by Constantine, XIX. 416; by Theodo¬ sius, 419—its introduction into Bri¬ tain, V. 301 ; England, VIII. 701; Scotland, XIX. 698, 703; and Spain, XX.492—established in Russia, XIX","Bo, Constantine","FR,DE,ES,RU,SL,DZ",7,"France,Germany,Spain,Russian Federation,Sierra Leone,Algeria","Europe,Europe,Europe,Europe,Africa,Africa"
"Cheonology, VI. 652 ; XI. 469—ante¬ diluvian, III. 245—ancient Egyptian, VIII. 461, 511—Hindu, XII. 588— of the Septuagint, XX. 105—the Ar- undelian Marbles, III. 659—era of the Creation, VII. 455—date of Christ’s birth, XII. 557; and death, 560—Ka¬ lends, 669—utility of medals in, XIV",,EG,7,Egypt,Africa
"CLE—CLI Cleopatra, VI. 738 ; VIII. 475; XIX- 397, 399—her connection with Mark Antony, III. 273 — manner of her death doubtful, 703—queens of Egypt of that name, VIII. 472, et seq",Antony,"EG,FR",7,"Egypt,France","Africa,Europe"
"222—Roscommon, XIX. 478—Russia, 567—Scotland, 749 — Staffordshire, XX. 558—Stirlingshire, 729—Suma¬ tra, 804—Tennessee, XXI. 182—Tip¬ perary, 313 —Tyrone, 439—United States, 454—Virginia, 658—White¬ haven, 876 — Yorkshire, 965. See Colliery, and the geographical articles generally",Virginia,"RU,ZA",7,"Russian Federation,South Africa","Europe,Africa"
"767—London, XIII. 497—Newcastle, XVI. 151—Sunderland, XX. 810","London, Newcastle, Sunderland","GB,ZA",7,"United Kingdom,South Africa","Europe,Africa"
"Colchis, VII. 57—Egyptian colony in, VIII. 464",,EG,7,Egypt,Africa
"Constantina, in Algiers, VII. 269",Algiers,DZ,7,Algeria,Africa
"Constantine the Great, VII,. 270  reign of, XIX. 414—his vision, 415— his proceedings in Britain, V. 301— his improvement of Byzantium, 761 —his clemency, VI. 735—ecclesiasti¬ cal government instituted by, XI",Constantine,DZ,7,Algeria,Africa
"Coptos, in Egypt, VII. 312",,EG,7,Egypt,Africa
"Copts, VII. 310; II. 225 ; VIII. 460 519—marriage among the, 528 Coptic language, VII. 310 ; VIII. 520 XIII. 93—alphabet, II. 540, 549— Bibles, IV. 616—identity of the Cop¬ tic dialects with the ancient language of Egypt, XL 308",,EG,7,Egypt,Africa
"Copyists of books, IV. 622—Egyptian, VIIL 529",,EG,7,Egypt,Africa
"Costard (George), VII. 384",George,ZA,7,South Africa,Africa
"&c., 338—paper made from, XVII. 8 —its culture in Bengal, IV. 565 ; Bourbon, V. 151 ; Brazil, 206-7 ; Egypt, VIII. 525 ; Greece, X. 724, 730; Louisiana, XIII. 571; Mexico, XIV. 801 ; Asiatic Russia, XIX. 589 ; the United States, XXI, 463—silk cotton tree, VII. 707",,"BR,EG,GR,MX,US",7,"Brazil,Egypt,Greece,Mexico,United States","South America,Africa,Europe,North America,North America"
"247 ; Egypt, 525 ; England, 772-5 ; Germany, X. 489 ; Glasgow, 554 ; Ireland, XII. 404 ; Lowell, XIV. 304 ; Manchester, 216, et seq. ; Scotland, XIX. 768; the United States, XXI","Glasgow, Lowell, Manchester","US,EG,DE,IE,GB",7,"United States,Egypt,Germany,Ireland,United Kingdom","North America,Africa,Europe,Europe,Europe"
"Cotton-trade of Egypt, VIII. 524 — table of exports of cotton goods from England, 774",,EG,7,Egypt,Africa
"Crabbe (George), VII. 439",George,ZA,7,South Africa,Africa
"Cradock (Mr), on ship-building, XX",Cradock,ZA,7,South Africa,Africa
"Crichton (George), VII. 469, n",George,ZA,7,South Africa,Africa
" (Olivek), VII. 476; V. 162, 315, 325, et seq.—invested with the su¬ preme command, 330—his military exploits in Ireland, 334 ; XII. 371; and in Scotland, V. 335—defeats the king at Worcester, 336—dissolves the Long Parliament, 337 —is declared Protector, 338—his death, 339—cha¬ racter, ib.; XV. 100,ra.—indignities to his remains, V. 342—weight of his brain, II. 807—his agricultural im¬ provements, XVI. 120 — his navy, XVI. 41 ; XX. 224",Worcester,"IE,ZA",7,"Ireland,South Africa","Europe,Africa"
"Crusaders, Gothic architecture probably introduced by them from the East, III. 420—their armies, 595 their operations in Egypt, VIII. 479, et seq",,EG,7,Egypt,Africa
"Cyprianus (Thascius Caecilius), bishop of Carthage, VII. 575",Carthage,TN,7,Tunisia,Africa
"Cyrene, VII. 577 ; II. 236 ; VIII. 467, 472—dispute with Carthage, VI. 184",Carthage,TN,7,Tunisia,Africa
"Damietta, VII. 609 ; II. 230",Damietta,EG,7,Egypt,Africa
"Dancing, VII. 613—French Academy of, II. 75—muscles employed in, 797 —unknown in China, VI. 586—much cultivated by the Cretans and Lace¬ demonians, VII. 465—on ropes, 615 5 XIV. 380—dancing girls, VII. 615; of Egypt, II. 533 ; VIII. 529",,"CN,EG",7,"China,Egypt","Asia,Africa"
"Dar el Beida, in Morocco, XV. 50*6",,MA,7,Morocco,Africa
"Degi-andpre, his account of Angola, III",,AO,7,Angola,Africa
"Delta of Egypt, VII. 6804 VIII. 458 —its formation, 507",Delta,"EG,CA",7,"Egypt,Canada","Africa,North America"
"Dendera, in Egypt, VII. 718—ruins near, VIII. 542—zodiac of, 555",,EG,7,Egypt,Africa
"409 ; and the Egyptian pyramids, 410",,EG,7,Egypt,Africa
"Dew, VII. 748 ; XI. 185 ; XVII. 537— in Egypt, XVIII. 514—instrument for measuring, XIV. 743—Table of dew-points, XII. 127. See Evapora¬ tion",,EG,7,Egypt,Africa
"Dey of Algiers, VII. 754",Algiers,DZ,7,Algeria,Africa
"Diodorus Siculus, VIII. 34—his ac¬ count of the Amazons, II. 588—on Egyptian architecture, HI. 4 09—on Egyptian history, VIII. 460",,EG,7,Egypt,Africa
"Diosopolis, or Thebes, in ancient Egypt, XXL 199. See Thebes",,EG,7,Egypt,Africa
"  (George), his spherical crystal, micrometer, XV. 19",George,ZA,7,South Africa,Africa
"Dome, VIII. 98 ; IIL 466—of Church of San Vitale at Ravenna, 260—invented by the Etrurians, 379—of Church of St Sophia at Constantinople, 380— construction of, 388—equilibrium of, 389—of St Paul’s, London, 388, 389 —of St Peter’s, Rome, 391, 426, 457 —best form of, 391—of cathedral at Florence, 424—the boast of Italian DOM—DOR architecture, 426 — of the Farnese Palace, Rome, ib., 457—its beauty considered, 457—construction of wood¬ en domes, XIX. 456","Dome, Ravenna, London, Rome, Florence, Rome","US,IT,GH,GB",7,"United States,Italy,Ghana,United Kingdom","North America,Europe,Africa,Europe"
"Dome, or doom, VIII. 98",Dome,GH,7,Ghana,Africa
"Doria (Andrew), VIII. 116—his expedi¬ tion against Algiers, II. 506",Algiers,DZ,7,Algeria,Africa
" , town in the Isle of Man, VIII",Man,CI,7,Côte d'Ivoire,Africa
"Ducaila, in Morocco, XV. 500",,MA,7,Morocco,Africa
"Dundee, in Forfarshire, VIII. 280— linen-manufacture of, XIII. 360",Dundee,ZA,7,South Africa,Africa
"92 — Connecticut, 264 — Constanti¬ nople, 271—Cork, 331—Crete, 465 —Denmark, 730—Donegal, VIII. 112 — Down, 132 — Dublin, 235, 242— England, 789 ; XXI. 529 — Ferma¬ nagh, IX. 517 —France, X. 203— Georgia, 470—Germany, 487—Glas¬ gow, 545—ancient Greece, XX. 452— Hindustan, XI. 465—Hungary, 724— Iceland, XII. 144—Illinois, 249—Ire¬ land, 380, 424 ; XXI. 529—Italy, XII. 486—Jamaica, 504—Japan, 516 — St John’s, 594—Kentucky, 699— Kerry, 703—Kildare, 712—Kilkenny, 715—King’s County, 727—Kirkcud¬ brightshire, 736—Leitrim, XIII. 223 —Limerick, 349—London, 532—Lon¬ donderry, 551—Longford, 556—Loui¬ siana, 575—Louth, 575—Isle of Man, XIV. 212—Maryland, 272—Massa¬ chusetts, 303—Mayo, 338—Meath, 346 —Mexico, 807—Monaghan, XV. 380 —New Hampshire, XVI. 165—New Jersey, XII. 544—New South Wales, XXL 719—New York, XVI. 191— Norway, 273—Ohio, 328—Pennsylva¬ nia, XVII. 223—Persia, 253—Portu¬ gal, XVIII. 481—Prussia, 688, 697- Queen’s County, 786—Rome, XIX","Cork, Dublin, Kilkenny, Limerick, London, Louth, Man, Maryland, Massa, New York, Rome","US,IT,IE,GB,DK,FR,GE,DE,GR,HU,IS,JM,JP,MX,JE,NO,CI",7,"United States,Italy,Ireland,United Kingdom,Denmark,France,Georgia,Germany,Greece,Hungary,Iceland,Jamaica,Japan,Mexico,Jersey,Norway,Côte d'Ivoire","North America,Europe,Europe,Europe,Europe,Europe,Asia,Europe,Europe,Europe,Europe,North America,Asia,North America,Europe,Europe,Africa"
"789; I. 249—Sligo, XX. 393—Spain, 521—Sparta, 528—Sweden, XXI. 30 Switzerland, 50—Tennessee, 183-4— Tipperary, 314 — Turkey, 426—Ty¬ rone, 439—Van Diemen’s Land, 555 —Venezuela, 592—Virginia, 659 — Waterford, 810—Westmeath, 861— Wexford, 866—Wicklow, 879—Wur- temberg, 945","Sligo, Virginia, Waterford","ES,SE,CH,TR,VE,IE,ZA,US",7,"Spain,Sweden,Switzerland,Turkey,Venezuela, Bolivarian Republic of,Ireland,South Africa,United States","Europe,Europe,Europe,Asia,South America,Europe,Africa,North America"
" (George), naturalist, VIII. 450 —on birds, XVI. 548",George,ZA,7,South Africa,Africa
"Egypt, VIII. 458—physical geography of, 507—publications relating to, 556 —Dolomieu on physical constitution of, 96—pyramids of, II. 21; III. 410, 431; XVIII. 745—dew in, XVII. 573 —serpents of, XX. 148",,EG,7,Egypt,Africa
"Egyptian thorn, II. 64",,EG,7,Egypt,Africa
" , in Morocco, XV, 505",,MA,7,Morocco,Africa
"Elethya, in Egypt, ruins of, VIII. 533— tombs near, 533-4",,EG,7,Egypt,Africa
"Elmacinus (George), VIII. 674",George,ZA,7,South Africa,Africa
"Elymas, king of Libya, VI. 188",,LY,7,Libya,Africa
"Emerald, VIII. 681 ; XV. 156—distin- guishedfrom beryl, IV. 600—Egyptian, VIII. 518—specific gravity of, XII. 29",,EG,7,Egypt,Africa
"Enfine, Egyptian city, VIII. 700",,EG,7,Egypt,Africa
"England, VIII. 701—history of, ib.— statistics, 759.—agriculture, II. 252-3 —expeditions against Algiers, 506— American colonies, 637, 647, 648— archery, III. 398, et seq.—pointed ar¬ chitecture, 422, 454—later architec¬ ture, 428—recent pointed architec¬ ture, 430—Saxon and Auglo-Norman Gothic architecture, 454 —weights and measures, 544—army, 616—ar¬ tillery, 632—painters, 650—baking, IV. 295—laws respecting baking, 300— bell-ringing, 547—botanists, V. 82, 91 —canals, 288—union of its crown with that of Scotland, 302—history after that union, ib.—union with Scotland, 370—attempt to dissolve that union, 373—castles in former times, VI. 233 —influence of the wars of the Roses on chivalry,615—the Mint, VII.32—com¬ merce, 160—navigation-laws, 122,160 ■—the mercantile system, 163—losses from that system, 164—trading'com- panies, 181, et seq—Lord High Con¬ stable of, 266—corn laws and trade, 333; IV. 301—influence of the cot¬ tage-system, VII. 392—effects of the cotton-manufacture, 396—history of that manufacture, 398, 407—condi¬ tion of, during the Crusades, 488— law of divorce, VIII. 72—dockyards, 78—the drama, 153, 156, 166—duel¬ ling, 253—title of duke, 257—govern¬ ment and laws, IX. 1—fisheries, 602 —glass-making, X. 565 —hunting, XI. 740, 741—lunatic asylums, XIV","Algiers, Roses","DZ,ES,US",7,"Algeria,Spain,United States","Africa,Europe,North America"
"Ekatosthenes, IX. 358—on astronomy, III. 730—his catalogue of Egyptian kings, VIII. 460—on the Egyptian calendar, 554—on the earth’s size, IX",,EG,7,Egypt,Africa
"Esne, or Esneh,in Egypt, IX. 367—an¬ tiquities at, VIII. 534—zodiac at, 555",,EG,7,Egypt,Africa
"See Ethical Philosophy, Moral Philo¬ sophy, Duty, Conscience, Ethiopia, IX. 375; II. 49—Ethiopian race of man, 709 ; XIV. 200 ; XVII",,ET,7,Ethiopia,Africa
"Ethiopian nations, IX. 375",,ET,7,Ethiopia,Africa
"Eumolpides, priests of Ceres, IX. 401",Ceres,ZA,7,South Africa,Africa
"Exmouth, in Devonshire, IX. 465j   (Lord), his expedition against Algiers, II. 510","Exmouth, Algiers","GB,DZ",7,"United Kingdom,Algeria","Europe,Africa"
"Fabricius (George), poet, IX. 471",George,ZA,7,South Africa,Africa
"Famine, XL 731—at Antioch about the year 331, HI. 252—in Egypt, in the year 1066, VIII. 479",Antioch,"EG,US",7,"Egypt,United States","Africa,North America"
"Farquhar (George), comic writer, IX 489 ; VIII. 172",George,ZA,7,South Africa,Africa
"Fellahs of Egypt, VIII. 522",,EG,7,Egypt,Africa
"Ferrars (George), IX. 520",George,ZA,7,South Africa,Africa
"Fisheries, IX. 590—of Aberdeenshire, II. 29—America, V. 401—Antrim, III. 276—Argylesbire, 484 — the Baltic, IV. 326—Banffshire, 345— Brazil, V. 209—Caithness, 781—the Caspian Sea, VI. 217—Chili, 526— China, 580—Clare, 726 — Cornwall, VII. 368—Devonshire, 745—Donegal, VIII. 113—Dorsetshire, 120—Down, 133—Dublin, 235—Dumbartonshire, 259—England, 769—the Firth of Fortii, IX. 766-—France, X. 195— Ireland, XII. 408 ; XIV. 839—Italy, XII. 488—Labrador, XIII. 4—Lap- land, 111—Isle of Man, XIV. 213— Naples, XV. 7TO — Newfoundland, XVI. 160; V. 403—Norway, XVI. 269 —Nova Scotia, 288—Boss-shire, XIX","Antrim, Cornwall, Dublin, Man, Naples","US,BR,CN,FR,IE,IT,NO,GB,CA,CI",7,"United States,Brazil,China,France,Ireland,Italy,Norway,United Kingdom,Canada,Côte d'Ivoire","North America,South America,Asia,Europe,Europe,Europe,Europe,Europe,North America,Africa"
" (George), IX. 743",George,ZA,7,South Africa,Africa
"—— (George), founder of the Qua¬ kers, IX. 798 ; XVIII. 765, 768",George,ZA,7,South Africa,Africa
"—short credits, VII. 170-1—the press under Bonaparte, 316—copyright, 317 — books published, 320 — corn-trade, 363—condition of the agriculturists, 391—effects ot the minute division of land, ib.— cotton-manufacture, 416— condition at period of the Crusades, 488— persecution of the Protestants, VIII. 135—the drama, 153, 154, 156, 159,177—duelling, 252—title of duke, 257—dyeing, 297 —the Economists, 398—Bonaparte’s expedition to Egypt, 488 ; XI. 305, 338, n. ; XVI. 759 ; and Palestine, 759 — invaded by Edward the Third, VIII. 728; and by Henry the Fifth, 733—trade with England, 779—trade of Britain with, IX. 447— fairs in, 477—fisheries of, 594—glass¬ making in, X. 564—contests with the English in India, XI. 413—invasions of Holland, 525, 527 — interest of money, XII. 323, 327 —invasion of Ireland, 381, 385, 386—Jews in, 583 —Code Napoleon, XIII. 184; X. 132 —state of the law, XIII. 200 ; XVIII","Palestine, Holland","US,EG,IN,IE,UK",7,"United States,Egypt,India,Ireland,N/A","North America,Africa,Asia,Europe,N/A"
"Gambia, river, X. 309 ; XX. 92",,GM,7,Gambia,Africa
"Gascoigne (George), poet, X. 368",George,ZA,7,South Africa,Africa
"GAY—GEM Gaya, island, X. 374 ; XVI. 374",Gaya,NG,7,Nigeria,Africa
"Gems, X. 378 ; XV. 154—skill of the ancients in cutting them, III. 259— ancient imitation gems, 261 — gems of Ava, IV. 241 ; Ceylon, VL 300 ; Egypt, VIII 518—mode of cementing, VI. 278—crystallization of, VII. 515, 522 counterfeit, VIII. 123—magnet¬ ism of, XIII. 709—lenses of, XV. 29, et seq.—microscopic cavities in, 57. See the geographical articles generally",,EG,7,Egypt,Africa
"Geminus on the ancient Egyptian calen¬ dar, VIII. 554",,EG,7,Egypt,Africa
"609, 614 ; of the Andes, III. 116; of Egypt, VIII. 517—fossil remains of the mammoth, &c. in America, II",,EG,7,Egypt,Africa
"Geometry, X. 422—history of, ib.— plane, 432—of solids, 457—the genius of -the Greeks beautifully displayed in, I. 435,580-81—contributions to, by Euclid, Archimedes, and Apollonius, 435—geometrical analysis, ib.—works of Regiomontanus, ib.—introduction of trigonometry and decimal fractions, ib—Werner, Benedetto, Maurolycus, and Cavalieri, 436—exhaustions of the ancients, ib.—idea of quantities infinitely great and small introduced by Kepler, 438—generation of solids by means of, ib.—Kepler’s view of the composition of circles, ib.—obser¬ vations on lines and areas, ib.—pur¬ pose served by the doctrine of quan¬ tities infinitely small in size, and in¬ finitely great in number, 439—the cycloid, ib.—results of introduction of algebra, 444—Descartes’ Geometria, ib.—Fermat’s method of drawing tan¬ gents to curves, 445 — geometrical and algebraic method of treating quantity, ib.—high value set on the geometrical construction of problems GEO by the Greeks, I. 583—attempts to as¬ certain relation of diameter to the circumference, ib. -— incommensura¬ bility of the circle, 584—best elemen¬ tary works on, ib.—elementary plane rests on the combined properties of the straight line and the circle, ib.—in¬ struments required in solving the common problems, 585—best manner of treating lines and curves of the second order, ib.—improvement made in trigonometry during the last cen¬ tury, ib.—Descartes’ discoveries, 594 —application of algebra to, II. 424, 480 — Dr Beddoes on the nature of evidence in, IV. 514—characters of ab¬ breviations in, VI. 323—intimate con¬ nection of dynamics with, VIII. 381 —applications of the fluxional calcu¬ lus to, IX. 705—Egyptian knowledge of, X VII. 4 30—ancient geometrical an¬ alysis, XX. 359. See Angle, Circle, Trigonometry, &c",Euclid,"US,EG",7,"United States,Egypt","North America,Africa"
"George I., his reign, V. 373—death, 378 —navy, XVI. 42",George,ZA,7,South Africa,Africa
"GEO—GEE George II., at the battle of Oudenarde, V. 372—his reign, 378—death, 385- navy, XVI. 42—Sir R. Walpole’s ex¬ cise-scheme in reign of, XXL 99",George,ZA,7,South Africa,Africa
"George’s (King) Islands, X. 467",George,ZA,7,South Africa,Africa
"1.92, 199, 207 ; XII. 587 ; XV. 109 ; XVII. 160—Bukhara, V. 696—Cele¬ bes, VI. 270—Chili, 529, 534—Europe, IX. 409—Hindustan, XI. 384—Hun¬ gary, IV. 230—Ireland, XII. 394- Japan, 512—Jaragua, XVII. 160— Mexico, XIV. 802 ; XV. 260—Peru, XVII. 305—Russia, XIX. 578, 587— Siberia, XX. 327—Sumatra, 804— Thrace, XV. 242—Tibet, XXI. 256— Transylvania, V. 9—United States of America, XXI. 454—Venezuela, 592 —Virginia, 658—What advantage ac¬ crues to a country from colonies pos¬ sessing gold-mines ? VII. 122","Bukhara, Virginia","IE,JP,MX,PE,RU,US,VE,UZ,ZA",7,"Ireland,Japan,Mexico,Peru,Russian Federation,United States,Venezuela, Bolivarian Republic of,Uzbekistan,South Africa","Europe,Asia,North America,South America,Europe,North America,South America,Asia,Africa"
"Gondar, X. 609 ; II. 231—Bruce’s resi¬ dence in, 57",Gondar,ET,7,Ethiopia,Africa
"Goshen, in Egypt, X. 617",Goshen,"EG,US",7,"Egypt,United States","Africa,North America"
"Gothard, Swiss mountain, X. 618",,SZ,7,Eswatini,Africa
"Goths, X. 618; V. 295; VI. 274—de¬ feated by Constantine, VII. 271— their wars with the Romans, 278, et seq.—their conquest of Rome, X. 478 ; XIX. 421; of Italy, XII. 464—state of Italian art under them, XVI. 707 —their origin, XVII. 418—their in¬ vasions of the Roman empire, XIX","Constantine, Rome, Roman","IT,DZ,US,RO",7,"Italy,Algeria,United States,Romania","Europe,Africa,North America,Europe"
"Government, X. 622—monarchy im¬ proved in modern times, I. 24—Aris¬ totle on, III. 525—governments of Asia, 694 ; Athens, IV. 164 ; Aus¬ tria, 236; England, IX. 1; France, X. 212 — Buchanan’s work on, V","Asia, Athens, Buchanan","FR,PH,US,LR",7,"France,Philippines,United States,Liberia","Europe,Asia,North America,Africa"
"390—Carthage rebuilt by, VI. 207",Carthage,TN,7,Tunisia,Africa
"Graham (George), X. 638—his optical instruments, III. 748—his scapement, VI. 772—his equation-clock, 783—his horizontal watch-scapement,791—his discovery of the daily variation of the needle, XIII. 688 —his pendulum, .XVII. 213","Graham, George","US,ZA",7,"United States,South Africa","North America,Africa"
" (John), of Claverhouse, Viscount Dundee, IV. 672—his military ex¬ ploits in Scotland, V. 351—his advice to James the Second, 359—his pro¬ ceedings in Scotland in favour of that king, 361—slain at Killiekrankie, 362; XII. 718",Dundee,ZA,7,South Africa,Africa
"29; Egypt, III. 412 ; VIII. 517, 535, «. 2 ; Brazil, V. 199—specific gravity of, XII. 30—metals found in, XV. 277",,"EG,BR",7,"Egypt,Brazil","Africa,South America"
" (George), Lord Lansdowne, X",George,ZA,7,South Africa,Africa
"180—dyeing, 296—indebted to Egypt for their arts, 541, n. 2—influence of local circumstances on their govern¬ ments, IX. 411; X. 722—exposing of children by, IX. 468—their funeral rites, X. 258; XII. 329—gardens, X",,EG,7,Egypt,Africa
"99 — his discovery of ,an algebraic series, II. 497—his attack on George Sinclair, IV. 296, tt. — his burning mirror, V. 735—on navigation, XV",George,ZA,7,South Africa,Africa
"Grenville (W. W., Lord), X. 772—his administration, V. 388, 520—his alien bill, 467—his answer to the French ambassador, ib.; and to Bonaparte’s letter to George the Third, 490—on the peace of Amiens, 507, 508","George, Amiens","FR,ZA",7,"France,South Africa","Europe,Africa"
"GRE—GRO Grey (George), papyrus brought from Egypt by, II. 541",George,"EG,ZA",7,"Egypt,South Africa","Africa,Africa"
"Grindelwald, Swiss town, X. 777",,SZ,7,Eswatini,Africa
"Grisons, Swiss canton, X. 778",,SZ,7,Eswatini,Africa
"71 GRO—GUE Grotto (Milky), at Bethlehem, XI. 3",Bethlehem,ZA,7,South Africa,Africa
"Guinea, XI. 29—ants in, III. 241—slave- trade of, XX. 383",,GN,7,Guinea,Africa
"Hadley (George), on the trade-winds, XIV. 746",George,ZA,7,South Africa,Africa
"Hadrian, Roman emperor, II. 162— Alexandria repaired by, 410—his wall in Britain, 163; III. 272; V. 300 ; XIX. 695—villa of, III. 444—mauso¬ leum of, 447—Athens improved by, IV. 119—his residence in Egypt, VIII","Roman, Alexandria, Athens","US,EG,RO",7,"United States,Egypt,Romania","North America,Africa,Europe"
" (Geo.), earl of Orkney, XI. 124",Orkney,ZA,7,South Africa,Africa
" (Wm.), on Egyptian architecture and antiquities, III. 409 ; VIII. 531, et seq., 556",,EG,7,Egypt,Africa
"  (Captain), his rifle-shooting in South Africa, XX. 302",,ZA,7,South Africa,Africa
"Hartleburt, in Worcester, XI. 156",Worcester,ZA,7,South Africa,Africa
"Hayradin, king of Algiers, II. 504",Algiers,DZ,7,Algeria,Africa
"Heeren (Prof.), XI. 498—on the course of civilization in Egypt, III. 411—on the Pelasgi, 413—on the Ethiopians, IX. 379, et seq",,EG,7,Egypt,Africa
"HEI— HEL Heidelberg, XL 206 —plundered by Count Tilly, II. 569",Heidelberg,ZA,7,South Africa,Africa
"Heilbron, in Wurtemberg, XI. 206",Heilbron,ZA,7,South Africa,Africa
"Heliopolis, in Egypt, XI. 214 ; XVI",,EG,7,Egypt,Africa
"668—Egyptian, VIII. 553",,EG,7,Egypt,Africa
"Herisau, Swiss town, XI. 275",Herisau,"CH,SZ",7,"Switzerland,Eswatini","Europe,Africa"
"  (Egyptian), Hermes Trismegis- tus, or Thoth, VIII. 552 ; XVII. 377, 429, 430 ; XVIII. 335—the reputed inventor of chemistry, VI. 341—in¬ scription of, ib",,EG,7,Egypt,Africa
"Herodotus, XI. 279—on the Amazons, II. 588—on India, 696—archaeologi¬ cal value of his works, III. 262—on Egyptian history, VI1T. 460-ronEgypt, 510, 54 5, 550—on Egyptian embalm¬ ing, 676—on the Ethiopians, IX. 376",,"EG,IN",7,"Egypt,India","Africa,Asia"
"Hickes (George), XI. 292",George,ZA,7,South Africa,Africa
"Hieroglyphics, Egyptian, XI. 294 ; II",,EG,7,Egypt,Africa
"Hoffmann (John James), Swiss philo¬ logist, XI. 502",,SZ,7,Eswatini,Africa
" (George), divine, XI. 558",George,ZA,7,South Africa,Africa
"Horne (George), bishop, XL 563",George,ZA,7,South Africa,Africa
"Howick (Lord), his bill for religious emancipation in the army, V. 521",Howick,ZA,7,South Africa,Africa
"764; XI. 197, 371—on the Canaries, VI. 73—on the Egyptian calendar, VIII. 554—on the electricity of the torpedo and electrical eel, 610, 613; XII. 225 —on picture-writing, XI",,EG,7,Egypt,Africa
"436, 440—his Treatise of Human Na¬ ture, I. 206-7, 221, 353—its effects on literature, 208—his division of the objects of knowledge, ib.—admitted the existence of only impressions and ideas, 209, 219—his scepticism, 209, 215—his refutation of attempts to de¬ monstrate self-evident truths, 210— benefits which have resulted from his reasonings, ib.—his distinction be¬ tween the sensitive and cogitative parts of our nature, 212—on our be¬ lief in the permanency of the laws of nature, ib.—on the course of nature, and succession of ideas, ib.—his re¬ formation of the philosophical voca¬ bulary, 213—instance of his sincerity in the search after truth, 216—But¬ ler’s opinion of his Essays, 217—vir¬ tuous private character of, 352—anti¬ cipated in some of his doctrines, 425 —considered his Inquiry concerning the Principles of Morals as the best of his writings, 354—merits of that work, 355, et seq.—his style, 354— his last illness, 424—on the state of agriculture under the feudal system, II. 252—on God’s government of the universe, III. 176, n.—on balance of power, IV. 310—his philosophy, 477 —his injustice to Prynne, 629—on miracles, VI. 622, 627 ; XV. 295—on the effect of a progressive rise of prices in stimulating productive industry, VII. 160—his character of Oliver Cromwell, 477 ; of the Marquis of Worcester, XXI. 941—on association of ideas, VIII. 436 ; XIV. 626—his letter to Gibbon, X. 509 ; to Dr Reid, XIX. 106—his faults as a historian, XI. 498 — Hurd’s answer to, 759 ; XXI. 772—on the origin of ideas, XII. 296—on rates of interest, 319 ; XVIII. 265; n. 1—on law, XIII. 176, 177—on perception, XIV. 605—on memory, 615—on the idea of power, 633—on belief of testimony, 641—oq, necessity, 690—on instinctive benevo¬ lence, XV. 458—on government, XVI",Worcester,ZA,7,South Africa,Africa
"Hydrocele, common in Egypt, VIII",,EG,7,Egypt,Africa
"Ilance, Swiss town, XII. 246",,SZ,7,Eswatini,Africa
"Improvvisatori, XI. 544 — female, in Egypt, VIII. 529",,EG,7,Egypt,Africa
"India, or Hindustan, XII. 264—meta¬ physical and ethical remains of, I. 203 —British troops in, III. 620—infanti¬ cide in, 629—early history of, 685— Mahommedan empire in, 687, 689 ; XVII. 263 — conquered by Sultan Baber, III. 690—rise of British power in, 690—knowledge of the ancients respecting, 696—commerce of, 700, 7 01—botany, V. 7 7—Were its supersti¬ tions borrowed from, or given to, Egypt ? 181—Mr Dundas’s measure respecting, 428—discussion in Parlia¬ ment in 1788, as to the payment of troops sent to, 449—war with Hyder Ali and Tippoo, 460, 462—Burmese war, 567 ; XI. 440—cloth-manufac¬ tures, VI. 20—mode of cooling apart¬ ments and collecting ice, VII. 58, 59 —yields no tribute to Britain, 117— British colonial possessions, 125— effects of British dominion, ib.—trade with Europe in the middle ages, 157— exports from Britain to, 161—alleged rapidity of fortune-making in, 168— cotton-manufacture, 395 — cotton¬ wool, 405-6 — ancient temples and idols, 696—Danish settlements, 728 —diamonds, VIII. 3—calico-printing, IND—INF 338—emigration to, 688—method of forming ice in, IX. 433—Alexander’s expedition to, X. 390; XIII. 634— monumental inscriptions in, XII. 291 — languages of, XIII. 81—-necessity for a code of laws in, 184—libraries in, 318—trade with London, 500— invaded by Timour, XV. 318—coins of, 408, 412 —inland navigation, XVI. 3—ancient philosophy, V. 180; XVII. 427—table-land, 503—heights of mountains, 505—cataracts, 525— plague in, 778 — colonized by the Egyptians, 385 ; XVIII. 339—settle¬ ment of the Portuguese in, 465—post to, 489 — silk-worms in, XX. 352— suicide in, 797 —woods of, XXI. 299 •—weights and measures, 853—woo 1, 921—map of, XI. PI. 286. See East India Company, Hindus, Bengal, Calcutta, Clive, Hastings, Ac","London, Clive, Hastings","GB,US,IN,EG,PT",7,"United Kingdom,United States,India,Egypt,Portugal","Europe,North America,Asia,Africa,Europe"
"364—Irish House of Lords deprived of their right of final jurisdiction, 377 —measures in Parliament relative to, in the reign of George the Third, V",George,ZA,7,South Africa,Africa
"Irrigation, XII. 445—in Afghanistan, II. 212—Bengal, IV. 566—Cambridge¬ shire, VI. 34—Chili, 524—China, 579 —Delhi, VII. 684—Egypt, VIII. 514, 550—the north of Italy, XII. 484 ; XIII. 470—Norway, XVI. 265—Per¬ sia, XVII. 242","Cambridge, Delhi","AF,CN,EG,IT,NO,US,IN",7,"Afghanistan,China,Egypt,Italy,Norway,United States,India","Asia,Asia,Africa,Europe,Europe,North America,Asia"
"James VI. of Scotland, and I. of Eng¬ land, XII. 506; XIX. 740—his visit to Tycho Brahe, V. 175 — taught Latin by Geo. Buchanan, 631—Calder- wood’s interview with, 793—his im¬ precation on the people of Edinburgh, 794—Edinburgh in the reign of, VIII","Buchanan, Edinburgh, Edinburgh","GB,LR",7,"United Kingdom,Liberia","Europe,Africa"
" River, in Virginia, XXI. 658",Virginia,ZA,7,South Africa,Africa
"Jameson (George), artist, XII. 507",George,ZA,7,South Africa,Africa
"Jasper, XIL 526; XV. 157—Egyptian, VIII. 518—specific gravity of, XII. 31",Jasper,"US,EG",7,"United States,Egypt","North America,Africa"
"Jatto, in Benin, XVI. 223",,BJ,7,Benin,Africa
"Jews, XII. 567—history of thejS XI. 470, et seg., 487 ; XVI. 749—in Abyssinia, II. 62 ; ancient and modern Alexan¬ dria, 410, 412; Arabia, III. 341-2; Austria, IV. 235; Barbary, 363-4; Bavaria, 461 ; the Crimea, VII. 472 ; Egypt, VIII. 521; England, 720; Germany, X. 486; Greece, 738; In¬ dia, XI. 395; Morocco, II. 235; XV",,"AT,EG,DE,GR,MA",7,"Austria,Egypt,Germany,Greece,Morocco","Europe,Africa,Europe,Europe,Africa"
"Juba, XII. 623; XVI. 309",Juba,SS,7,South Sudan,Africa
"Kaisar, in Morocco, XV. 508",,MA,7,Morocco,Africa
"Kano, II. 237; XI. 709",Kano,NG,7,Nigeria,Africa
"Kara, sea of, XIX. 566",Kara,TG,7,Togo,Africa
"Karnac, in Egypt, XII. 680—temple at, III. 410 ; VIII. 541",,EG,7,Egypt,Africa
"Keate (George), XII. 683",George,ZA,7,South Africa,Africa
"King’s-Norton, in Worcester, XII. 729","Norton, Worcester","ZW,ZA",7,"Zimbabwe,South Africa","Africa,Africa"
"Kircher (Athanasius), XII. 732—on Archimedes’s burning-glasses, V. 729 —on hieroglyphics, XI. 300—on the Egyptian language, 312—on animal magnetism, XIV. 3—on the speaking- trumpet, XXL 390",,EG,7,Egypt,Africa
"Kirkwall, in Orkney, XII. 739",Orkney,ZA,7,South Africa,Africa
"88 INDEX, KLE—KNO Kleber (General), V. 489, 495 ; X. 119 —his conduct in Egypt, VIII. 492— assassinated, ib., n. 2",,EG,7,Egypt,Africa
" (George), exploratory voyages of, XVIII. 218",George,ZA,7,South Africa,Africa
"Labyrinth, XIII. 5—Egyptian, III. 411; VIII. 545—of the ear, II. 801. ' Labyrinthiform Pharyngeals, XII. 190",,EG,7,Egypt,Africa
"Lane (Edward W.), on the plague in Egypt, XVII. 777",,EG,7,Egypt,Africa
"Langenthal, Swiss town, XIII. 58",,SZ,7,Eswatini,Africa
"LARACHE.seaportof Morocco, XIII. 113",,MA,7,Morocco,Africa
" (Constantine), XIII. 116",Constantine,DZ,7,Algeria,Africa
"Laupen, Swiss town, XIII. 125",,SZ,7,Eswatini,Africa
"Lausanne, Swiss city, XIII. 126",Lausanne,"CH,SZ",7,"Switzerland,Eswatini","Europe,Africa"
" (Col.), his map of Egypt, VIIL INDEX 91 LEA—LEE 558—on the topography of Athens, IV. 114, et seq. — on the river Nile, XVI. 225",Athens,"EG,US",7,"Egypt,United States","Africa,North America"
"Legh’s visit to Egypt, VIII. 557",,EG,7,Egypt,Africa
"Liberalia, Roman feasts, XIIL 270, Liberia, XIII. 270, 271",Roman,"LR,RO",7,"Liberia,Romania","Africa,Europe"
"Libya, XIII. 318, 604—invaded by Aga- thocles, VI. 188—Lybian war, 193",,LY,7,Libya,Africa
"Lillo (George), XIII. 345—dramatic . works of, VIII. 174-5; XVIII. 145, Lilly (John), poet, XIII. 345",George,ZA,7,South Africa,Africa
"Liotard, Swiss painter, XIII. 368",,SZ,7,Eswatini,Africa
"Locarno, Swiss town, XIII. 404",,SZ,7,Eswatini,Africa
"Locle, Swiss town, XIII. 416",,SZ,7,Eswatini,Africa
"Locust, IX. 192 ; XL 384—locusts in Abyssinia, II. 49—Africa, 229—Ara¬ bia, III. 329—Asia, 684—Barbary, IV. 362—Egypt and Syria, XXI. 603 —people who feed on, II. 128—their tenacity of life, HI. 163—alleged showers of, XIX. 60","Ara, Asia","EG,SY,IN,PH",7,"Egypt,Syrian Arab Republic,India,Philippines","Africa,Asia,Asia,Asia"
"—Sion College, ib.—Foundling Hospi¬ tal, 321—cutlery-manufacture, 566- dairies, 588—Deaf and Dumb Asylum, 657—docks, VIII. 75—convent of the Black-friars, 108 — theatres, 178 ; XVH'I. 49 ; XXI. 191—roof of Drury Lane Theatre, VI. 169 — Egyptian Society, VIII. 560—port of, 763; V",,EG,7,Egypt,Africa
" (St), or Senegal, XX. 94",,SN,7,Senegal,Africa
" XI., reign of, X. 25—his employ¬ ment of, and favours to Philip d» INDEX 95 LOU—LUB Comines, VII. 151—-Montesquieu’s opinion of, XV. 131—his treatment of the Swiss, XXI. 43",,SZ,7,Eswatini,Africa
" , Swiss canton, XIII. 586",,SZ,7,Eswatini,Africa
"Ludolph (Job), XIII. 593—his works on Ethiopia, II. 54",,ET,7,Ethiopia,Africa
"Lugano, Swiss city, XIII. 593",Lugano,"CH,SZ",7,"Switzerland,Eswatini","Europe,Africa"
"Luxor, in Egypt, ruins at, III. 410 ; VIII. 511, 540",Luxor,EG,7,Egypt,Africa
" (George, Lord), XIII. 615",George,ZA,7,South Africa,Africa
"Macrobii, Ethiopian people, XIII. 665",,ET,7,Ethiopia,Africa
"Madagascar, island, XIII. 666—ser¬ pents of, XX. 133, 136",,MG,7,Madagascar,Africa
"Mahommedans in India, XL 394 ; Java, XII. 532; Jerusalem, 551; Russia, XIX. 581—their con juest of Egypt, VIII. 477 ; India, XI. 409 ; Persia, XVII. 262—their hatred of images, XII. 253—their laws against usury, 323 —favour the Jews, 578—their tombs, XXL 324—the Jezides, XII",Jerusalem,"IN,RU,EG,IL",7,"India,Russian Federation,Egypt,Israel","Asia,Europe,Africa,Asia"
"MALiVAGUNGA.river, XIV. 57 ; VI. 299. ^ MAL Malleable, XIV. 57",,ML,7,Mali,Africa
"Mamlukes, their sway in Egypt, VIII",,EG,7,Egypt,Africa
"Man, XIV. 193—original complexion of, II. 134—Did the race spring from one stock? ib.; VI. 274—brain of, III. 163—senses of, more equally ba¬ lanced than in brutes, 165—American races, II. 615—Asiatic, III. 690—effect of climate on his active energies, II",Man,"CI,US",7,"Côte d'Ivoire,United States","Africa,North America"
"Man by (Capt.), his apparatus for saving shipwrecked persons, XIII. 324",Man,CI,7,Côte d'Ivoire,Africa
"Manetho, XIV. 231 ;XI. 854, 355— on Egyptian history, VIII. 460—his catalogue of the Diospolitan dynas-",,EG,7,Egypt,Africa
"ties and kings of Egypt, 539, n 2; 543",,EG,7,Egypt,Africa
"Mannedorf, Swiss town, XIV. 235",,SZ,7,Eswatini,Africa
"Mansel (Sir Robert), his expedition against Algiers, II. 506",Algiers,DZ,7,Algeria,Africa
" (Aldus), junior, XIV. 238—his friendship to Crichton, VII. 468,  (Paulus), XIV. 238, Man was, Hindu town, XIV. 239",Man,CI,7,Côte d'Ivoire,Africa
"Margate, in Kent, XIV. 246","Margate, Kent","ZA,US",7,"South Africa,United States","Africa,North America"
"Markets, XIV. 251; IX. 4i 6—in Liver¬ pool, XIII. 393—in London, 507—in Newcastle, XVI. 155. See Fairs","London, Newcastle","GB,ZA",7,"United Kingdom,South Africa","Europe,Africa"
"Marriage, XIV. 258—jactitation of, 259—marriage and marriage-customs in Abyssinia, II. 61-2—North Ame¬ rica, II. 620—Arabia, III. 335—Asia, 694—ancient Babylonia, IV. 271— Cardiganshire, VI. 138—ancient Ger¬ many, 596 — Dahomey, VII. 587— Denbighshire, 717—Egypt, VIII. 528 — Hindustan, XI. 404 — Japan, XII",Asia,"EG,JP,PH",7,"Egypt,Japan,Philippines","Africa,Asia,Asia"
" , queen of Scotland, XIX. 727— Buchanan her tutor, V. 630—crimi¬ nality of, 630—Chalmers’s Life of, VI. 309, 310—Edinburgh in the reign of, VIII. 413—Elizabeth’s treatment of, 756—Robertson’s history of, XI","Buchanan, Edinburgh, Elizabeth","LR,GB,US",7,"Liberia,United Kingdom,United States","Africa,Europe,North America"
"Maseres (Baron), services rendered to science by.1.59 3—on annuities,III. 200 Masina, in Africa, XIV. 276",Masina,CD,7,"Congo, The Democratic Republic of the",Africa
"Massuah, Egyptian town, XIV. 311",,EG,7,Egypt,Africa
"Mauritania, XIV. 330 ; II. 503",,MR,7,Mauritania,Africa
"Mauritius, XIV. 331—weights and measures of, XXI. 854",,MU,7,Mauritius,Africa
"Maurolycus of Messina, III. 288—his contributions to mathematics, I. 436 ; XIV. 316—distinguished for skill in optics, 508—formed a right judgment of defects of short-sighted and long¬ sighted eyes, ib.—explained why light admitted through a small hole of any shape, and received upon a plane, is always round, and through a large one always of the shape of the aper¬ ture, 508—supposed that light ac¬ quires colour by refraction in pass¬ ing through the water-drop of the rainbow, 509—on optics, XIII. 329 ; XVI. 352",Messina,ZA,7,South Africa,Africa
"Medine, Egyptian money, XIV. 531",,EG,7,Egypt,Africa
"Mehemmed Ali, viceroy of Egypt, II",,EG,7,Egypt,Africa
"344; VIII. 499—army, 502—navy, 504 —conquest of Syria, ib.; XXI. 64— tyranny there, 65—character and per¬ sonal appearance, VIII. 504-6—mer¬ cantile and manufacturing policy, 523, et seq.—said to be a freethinker, 529 —wonderful improvement of Egypt under, 530—his neglect of its anti¬ quities, 551, n. — his war with the Turks, XXI. 417",,"SY,EG",7,"Syrian Arab Republic,Egypt","Asia,Africa"
"Memphis, in Egypt, XIV. 556 —archi¬ tecture of, III. 411—pyramids of, ib",Memphis,"EG,US",7,"Egypt,United States","Africa,North America"
"Mendrisio, Swiss tovvn, XIV. 559",,SZ,7,Eswatini,Africa
"Menes, founder of the Egyptian empire, XIV. 559 ; VIII. 461",,EG,7,Egypt,Africa
"Mengin (Felix), his account of the Wa¬ habis, HI. 346, n",Wa,GH,7,Ghana,Africa
"Meouinez, town in Morocco, XIV. 589 ; XV. 508",,MA,7,Morocco,Africa
"Messina, in Sicily, XIV. 597—Fata Mor¬ gana in the Strait of, IX. 494—mas¬ sacre of the French in, XV. 695— Strait of, 697",Messina,"ZA,FR",7,"South Africa,France","Africa,Europe"
"Meyringen, Swiss town, XV. 1",,SZ,7,Eswatini,Africa
"Mezomorto, dey of Algiers, II. 508",Algiers,DZ,7,Algeria,Africa
"Middelburg, in Holland, XV. 58 — settlement of the Brownis^at, V. 604 —captured by the Prince of Orange, XI. 516","Middelburg, Holland, Orange","US,ZA",7,"United States,South Africa","North America,Africa"
"Migdol, in Egypt, XV. 63",,EG,7,Egypt,Africa
" (San), Mexican town, XIV. 818",San,"ML,MX",7,"Mali,Mexico","Africa,North America"
"Mineralogy, XV. 112—use of the blow¬ pipe in, IV. 713, 714. 716—crystalliza¬ tion, VII. 505—Dolomieu’s classifica¬ tion of minerals, VIII. 98—Egyptian granite, syenite, &c., 517—table of hardness of minerals, XI. 145—Haily on, 1 69. See Geok/gy",,EG,7,Egypt,Africa
"Mceris, Egyptian lake, VIII. 463—Hero¬ dotus’s description of, 550—present state of, ib",,EG,7,Egypt,Africa
"Moez Ledenillah, his conquest of Egypt, VIII 478",,EG,7,Egypt,Africa
"Mogadore, in Morocco, XV. 314",,MA,7,Morocco,Africa
"Money, XV. 383—ancient, XIV. 467- ancient Egyptian, VIII. 466 — mo¬ dern Egyptian, 524—Irish, XII. 411 —of Madras, XIII. 673—Maltese, XIV. 66 —Roman, XII. 292 ; XIV",Roman,"EG,RO,IE,MT",7,"Egypt,Romania,Ireland,Malta","Africa,Europe,Europe,Europe"
"MoNFALOUT,in Egypt, XV. 413",,EG,7,Egypt,Africa
"Monk (George), Duke of Albemarle, XV. 416—his proceedings in reference to the restoration of Charles II., V","George, Albemarle","ZA,US",7,"South Africa,United States","Africa,North America"
"Month, XV. 435 ; VI. 3—Jewish, 658 —Egyptian, ib.—Syrian and Macedo¬ nian, 659—Ethiopic or Abyssinian, 661 —Armenian, ib.—Mahommedan, 662 —Persian, ib.—Chinese, 663—Indian, 664 — Druidical, VIII. 206—ancient Egyptian, 556—different species of lunar. III. 791—names of Attic months, VI. 654—clock for indicat¬ ing days of, 780",,"EG,SY,AM,CN,IN",7,"Egypt,Syrian Arab Republic,Armenia,China,India","Africa,Asia,Asia,Asia,Asia"
"Montreux, Swiss village, XV. 438",Montreux,"CH,SZ",7,"Switzerland,Eswatini","Europe,Africa"
"MOO—MOR Moors of Africa, II. 224 ; Algiers, 503, 506 ; Barbary, IV. 363—their acade¬ mies in Spain, II. 67—architecture, III. 423—ballads, XVIII. 162—wars with the Portuguese, 462, et seq. See Arabians, Moriscos, Saracens",Algiers,"ES,DZ,PT",7,"Spain,Algeria,Portugal","Europe,Africa,Europe"
"Morell (Andrew), Swiss antiquary, XV",,SZ,7,Eswatini,Africa
"Morgarten, Swiss village, XV. 501— battle of, XXL 43",,SZ,7,Eswatini,Africa
"Morison (R.), botanist, XV. 501; V. 71, Moritz (St), Swiss town, XV. 501",,SZ,7,Eswatini,Africa
"Morocco, XV. 502 ; II. 234; IV. 360 — heights of mountains of, XVII",,MA,7,Morocco,Africa
"Mozambique, XV. 585; II. 232—weights and measures of, XXI. 854",,MZ,7,Mozambique,Africa
"Mummy, XV. 591—Egyptian mummies",,EG,7,Egypt,Africa
" (M.>, on the population of the Pays de Vaud, XV. 515—on Swiss births, XVIII. 417",,SZ,7,Eswatini,Africa
"Murten, Swiss city, XV. 602",,SZ,7,Eswatini,Africa
"Mythology, XV. 675—Egyptian, VIII",,EG,7,Egypt,Africa
"Nafels, Swiss town, XV. 686",,SZ,7,Eswatini,Africa
"Napoleon, XV. 711; X. 80, 96, 99, et seq. ; XI. 485 — his road over the Simplon, II. 559, n.—his army and artillery, III. 599, 635, 636—on con¬ scription, 601—his Italian campaigns, X. 99, 118 ; IV. 221 ; V. 479—works at Cherbourg, 218 — expedition to Egypt, 485; VIII. 488, 489; X. 109 —invasion of Syria, V. 489; VIII",,"EG,SY,IT",7,"Egypt,Syrian Arab Republic,Italy","Africa,Asia,Europe"
"488, 489; X. 112; XVI. 759—return from Egypt, V. 489—letters to George III., 490,520 ; X. 116—passage of the Alps, 118 ; V. 495—appointed first consul, 512 ; X. 116—irritated by the English journals, V. 513 ; X. 127 — his designs against Malta, V. 513 ; X. 127—conversation with Lord Whit¬ worth, V. 513 ; X. 127—Lord W.’s account of his behaviour at the Tuil- leries, V. 515 ; X. 127—his threatened invasions of England, V. 518 ; X. 121, 128—return from Elba, V. 539 — battle of Waterloo, 541; XXL 751— Canova’s bust of, VI. 97—the press under, VII. 316—on field-fortification, IX. 784—at Weimar, X. 601—his Code, 132 ; XIII. 184 ; XVIII. 736—his treatment of the- Poles, XVIII. 207 —war with the Prussians, 684—policy in Spain, XX. 505—tactics, XXI. 738, et seq.—See the Chronological Table, VI. 679, et seq","George, Waterloo, Weimar","EG,MT,ES,ZA,US,DE,UK",7,"Egypt,Malta,Spain,South Africa,United States,Germany,N/A","Africa,Europe,Europe,Africa,North America,Europe,N/A"
"Natron, XV. 737, 137, 138—Egyptian valley of, VIII. 518",,EG,7,Egypt,Africa
"122—proposal to lay up ships in or¬ dinary on dry land, VIII. 78—dock¬ yards, ib.—Commissioners of the, 86, 87—Treasurer of the, 87—improved discipline in the, XX. 58—Lord St Vincent’s exposure ot abuses in the, XXI. 652—mutiny in 1797, V. 481 ; VIII. 277—Austrian, IV. 234—Da¬ nish, VII. 729—Egyptian, VIII. 504 —French, X. 509—Russian, XIX. 574 —Spanish, XX. 523—Turkish, XXI",Vincent,"US,AT,EG,FR,RU,ES,TR",7,"United States,Austria,Egypt,France,Russian Federation,Spain,Turkey","North America,Europe,Africa,Europe,Europe,Europe,Asia"
"266—his invasion of Egypt, VIII",,EG,7,Egypt,Africa
"Necho, king of Egypt, XVI. 69 ; VIII",,EG,7,Egypt,Africa
"Necropolis, in, Egypt, XVI. 7 3",,EG,7,Egypt,Africa
"Nectanibus, Egyptian king, XVI. 7 3",,EG,7,Egypt,Africa
"364—Brazil, II. 641; V. 202—Buenos Ayres, 654—Chili, VI. 537—Colombia, VIII. 92—Jamaica, XII. 497—Moroc¬ co, XV. 509—Sierra Leone, XX. 330-1 —the United States, 11.647—probably the aborigines of Africa, 223—supe¬ rior to the American Indians, 632— first importation of, into America, 636—their extraordinary number in Brazil, 641—their skin, 750, 751— skull, 784—proportion of skull and face, III. 7—complexion, VII. 190— love of dancing, 613—insurrection in INDEX 109 NEG—NER St Domingo, VIII. 104 — language, XIII. 94 — countenance, XIV. 198, 199—unknown to Europeans till seen by the crusaders, XX. 383—Negro or Ethiopian race of man, II. 709 : XIV",,"BR,CO,JM,SL,US,ET",7,"Brazil,Colombia,Jamaica,Sierra Leone,United States,Ethiopia","South America,South America,North America,Africa,North America,Africa"
"489 ; X. 109—attack on Copenhagen, V. 501 ; VII. 724 ; X. 120—battle of Trafalgar, V. 519—his passage through Strait of Messina, XV. 698","Copenhagen, Messina","DK,ZA",7,"Denmark,South Africa","Europe,Africa"
" , Swiss canton, XVI. 145; XVIII",,SZ,7,Eswatini,Africa
"Newcastle, Welsh town, XVL 150",Newcastle,"ZA,GB",7,"South Africa,United Kingdom","Africa,Europe"
"489—of Buenos Ayres, V. 655 Glas¬ gow, X. 545 ; India, XI. 465 Nor¬ way, XVI- 273 ; and Turkey, XXL 426—Roman Acta Diurna, II. 130— Pekin Gazette, VI. 552 — Egyptian Moniteur, V1TI. 529 — New Zealand Gazette, XXL 980",,"IN,TR,NZ,EG",7,"India,Turkey,New Zealand,Egypt","Asia,Asia,Oceania,Africa"
"Nicholson (Margaret), hei attempt to assassinate George III., V. 442",George,ZA,7,South Africa,Africa
"Niger, river, XVI. 218 — course and termination of, II. 238 ; IV. 402 — hypothesis of its connection with the Nile, VIII. 512—expeditions of dis¬ covery to the, X. 403",,NE,7,Niger,Africa
"86—Is lower Egypt its gift ? VIII. 507 —festival at its overflow, 529 — its fertilizing mud, XII. 454—its naviga¬ tion, XVI 2",,EG,7,Egypt,Africa
"No, Egyptian city, XVI. 233",,EG,7,Egypt,Africa
"Nojmoddin, caliph of Egypt, VIII. 483",,EG,7,Egypt,Africa
"  , in Virginia, XVI. 246",Virginia,ZA,7,South Africa,Africa
"Norton, in Cheshire, XVI. 257","Norton, Cheshire","ZW,US",7,"Zimbabwe,United States","Africa,North America"
"Norton’s Sound, XVI. 257",Norton,ZW,7,Zimbabwe,Africa
"Norwegians, their discovery of America, II. 635; and Greenland, X. 755—in¬ vasions of France, X. 9, et seq. ; of the Hebrides, XI. 202 ; of England, VIII. 708 ; of Scotland, XIX. 708— naval enterprise, XX. 212—were the first settlers of Iceland, XII. 142— Norse language, VII. 729—no vestige of that language in the Isle of Man, &c., XVII. 415. See Danes, Nor¬ mans",Man,"GL,FR,IS,CI",7,"Greenland,France,Iceland,Côte d'Ivoire","North America,Europe,Europe,Africa"
"Obelisks, XVI. 317—Egyptian, II. 412 ; XI. 304, 339",,EG,7,Egypt,Africa
"Ode, in poetry, XVI. 321",Ode,NG,7,Nigeria,Africa
"Oldland (George), his wool-shearing ma¬ chine, XXI. 934",George,ZA,7,South Africa,Africa
"Omar Ebn Al Khattab, XVI. 336 ; HI. 342—his conquest of Egypt, VIII",,EG,7,Egypt,Africa
"Onion, worshipped in Egypt, III. 262— bulb of, 90—culture of, XI. 671",,EG,7,Egypt,Africa
"Ophthalmia, common in Egypt, VIII",,EG,7,Egypt,Africa
"Oran, in Algiers, XVI. 517","Oran, Algiers",DZ,7,Algeria,Africa
"Orang-outang, XIV. 90, 194—its skull, III. 4—its structure, XVII. 703—of Angola, III. 152",,AO,7,Angola,Africa
"Orbe, Swiss city, XVI. 518",,SZ,7,Eswatini,Africa
"Osbaldeston (George), XI. 611",George,ZA,7,South Africa,Africa
"Osymandes, Egyptian king, XVL 669",,EG,7,Egypt,Africa
"  (Thomas), his work entitled Com¬ mon Sense, V. 458—his Rights of Man, 464 ; XIII. 655",Man,CI,7,Côte d'Ivoire,Africa
"61—ancient, III. 259 ; XI. 262—Chi¬ nese, VI. 572—Dutch school of, XL 532—ancient Egyptian, VIII. 540, n",,"NL,EG",7,"Netherlands,Egypt","Europe,Africa"
"Pala;mon (Q. Rhemmius), XVI. 736",Pala,TD,7,Chad,Africa
"Pakeologus (George), VII. 285",George,ZA,7,South Africa,Africa
"220, 236—fiis death, 238 —literary aid of Bryan Edwards to, VIII. 452 —his discovery of the course of the Niger, XVI. 220",,NE,7,Niger,Africa
"Parys, copper-mine of, III. 132",Parys,ZA,7,South Africa,Africa
"Patros, in Egypt, XVII. 150",,EG,7,Egypt,Africa
" (San), in Brazil, XVII. 159",San,"BR,ML",7,"Brazil,Mali","South America,Africa"
"Peel, town in the Isle of Man, XVII",Man,CI,7,Côte d'Ivoire,Africa
"Pelusium, Egyptian city, XVII. 182",,EG,7,Egypt,Africa
"Pemba, island, XVII. 182",Pemba,MZ,7,Mozambique,Africa
"Pershore, in Worcester, XVII. 240",Worcester,ZA,7,South Africa,Africa
"616—castes,VI. 221—stoves,547—con¬ quest of Egypt, VIII. 468—language, XIII. 82; XVII. 379-libraries, XIII",,EG,7,Egypt,Africa
"Physcon, king of Egypt, VIII. 472—his cruelties at Alexandria, II. 410",Alexandria,"EG,US",7,"Egypt,United States","Africa,North America"
"552—physical geography of Egypt, VIII. 507—natural variations of tem¬ perature, XI. 196. See Climate, Cloud, Cold, Complexion, Evapora¬ tion, Mountains, Ocean, River, and the geographical articles generally",,EG,7,Egypt,Africa
"Plague, XVII. 772—at Aleppo, II. 400 —at Athens, IV. 155—in Egypt, II","Aleppo, Athens","EG,SY,US",7,"Egypt,Syrian Arab Republic,United States","Africa,Asia,North America"
"584—Scotch, 765—Spanish, XX. 522 —Swiss, XXI. 50—their origin in England, VII. 335, 336, n.—agricul¬ tural colonies of Holland, II. 347— cottage-system, VII. 386, 392",Holland,"US,ES,SZ",7,"United States,Spain,Eswatini","North America,Europe,Africa"
"323, n.—poetry of, XVIII. 171—Ros- coe’s edition and Life of, XIX. 476— Warburton’s Vindication of his Essay on Man, XXI. 770, 771—his friend¬ ship with Warburton, 771—Warton’s Essay on his Writings and Genius, 778 ; and edition of his works, 779— his definition of wit, 906","Warburton, Man, Warburton","PK,CI",7,"Pakistan,Côte d'Ivoire","Asia,Africa"
"—of ancient and modern Egypt, VIII",,EG,7,Egypt,Africa
"Port Louis, in France, XVIII. 455",Port Louis,"FR,MU",7,"France,Mauritius","Europe,Africa"
" , in Mauritius, XIV. 332",,MU,7,Mauritius,Africa
"Porto-Novo, Indian town, XVIII. 455",Porto-Novo,"BJ,IN",7,"Benin,India","Africa,Asia"
"Portugal, XVIII. 4 62—construction of map of, II. 68—Royal Academies of Sciences and Portuguese History, 73, 75—American olonies, 639 — settlements in Angola, 151—pointed architecture, III. 423—army, 602  botanists, V. 82—discovery and settle¬ ment of Brazil, 188—war with Spain in 1762, 386—French invasion of, in 1807, 524; X. 148—British troops sent to, in 1826, V. 571—settlements in Ceylon, VI. 305—colonies, VII",,"PT,AO,BR,ES,US,FR,GB",7,"Portugal,Angola,Brazil,Spain,United States,France,United Kingdom","Europe,Africa,South America,Europe,North America,Europe,Europe"
"Prichard (Dr), on the unity of the hu¬ man species, II. 134—on the indigen¬ ous Americans, 616—on the Celtic nations, VI. 275, 276—on the Physi¬ cal History of Man, XIV. 194, 203— on insanity, 578, et seq.—on phreno¬ logy, XVII. 469, 471","Prichard, Man","US,CI",7,"United States,Côte d'Ivoire","North America,Africa"
"294—books before the invention of, IV. 622—early, 624—for the blind, 697 —in colours, V. 87—Bramah’s project of printing by a roller, 182- correction of proofs, VII. 376—print¬ ing in Egypt, VIII. 529—in Turkey, XXI. 426—its history in Glasgow, X",Glasgow,"EG,TR,GB",7,"Egypt,Turkey,United Kingdom","Africa,Asia,Europe"
"126 INDEX PRO Probus, reign of, XIX. 413—his visit to Egypt, VIII. 476",,EG,7,Egypt,Africa
"Psalmanazar (George), XVIII. 701",George,ZA,7,South Africa,Africa
"Psammenitus, a king of ancient Egypt, VIII. 468",,EG,7,Egypt,Africa
"  I., Soter or Lagus, king of Egypt, XVIII. 703; XIII. 641, et seq",,EG,7,Egypt,Africa
"Puma, XIV. 122 ; VI, 525 ; XVII. 552",Puma,TZ,7,"Tanzania, United Republic of",Africa
"Purbach (George), astronomical labours of, I. 484; HI. 736—his division of the radius, 538—mathematical la¬ bours of, X. 429",George,ZA,7,South Africa,Africa
"Pyramids of Egypt, XVIII. 745; III",,EG,7,Egypt,Africa
"   (Marquis du), his expedition against Algiers, II. 508",Algiers,DZ,7,Algeria,Africa
"Quorra or Niger, river. See Niger",,NE,7,Niger,Africa
"Rabatt, in Morocco, XV. 506; XIX",,MA,7,Morocco,Africa
"260—Dundee and Newtyle, VIII. 281 —French, X. 173—Scotch, XIX, 751- in the United States, XXI. 472—from Vienna, 645—in Warwickshire, 782 —projected, in Tipperary, 315—via¬ ducts of. III. 323 ; XXI. 638—for col¬ lieries, VII. 81—conveyance of mails by, XVIII. 488. See Tunnel","Dundee, Vienna","US,ZA,FR",7,"United States,South Africa,France","North America,Africa,Europe"
"Rain, XIX. 59—falls most abundantly on elevated land, II. 610—showers of mud in Buenos Ayres, V. 642—rare in Egypt, VIII. 515—why prognosti¬ cated by fall of barometer, XII. 132 —in different climates, XIV. 511— theory of, 748 ; XVII. 535—quan¬ tity of, 536—velocity of drops, XIV",,EG,7,Egypt,Africa
" , town in the Isle of Man, XIX",Man,CI,7,Côte d'Ivoire,Africa
"Recruiting, in Austria, IV. 234—Ava, 246—Egypt, VIII. 503—France, III, 601—the Netherlands, 611—Prussia, 606—Russia, 608—Spain, 602—Tur¬ key, 613—Mr Wyndham’s act, V. 520",,"AT,EG,FR,NL,RU,ES",7,"Austria,Egypt,France,Netherlands,Russian Federation,Spain","Europe,Africa,Europe,Europe,Europe,Europe"
" (Dr Thomas), XIX. 105—am¬ biguity of a passage relative to colour in his Inquiry into the Human Mind, I. 66—sense in which he used the word suggestion, 167—great object, of his Inquiry, 218—Dr Adam Ferguson on his works, 219—his Essays on the Intellectual and on the Active Powers of Man, 222 — unfortunate in his choice of the terms common sense and instinct, 387 — on analogical reasoning, II. 682—on instinct, XII","Ferguson, Man","US,CI",7,"United States,Côte d'Ivoire","North America,Africa"
"Rennie (George), on friction, XIV. 411, et seq",George,ZA,7,South Africa,Africa
"Rhamesseion, at Thebes in Egypt, ruins of, VIII. 537",,EG,7,Egypt,Africa
"Rhamses, or Sesostris, king of Egypt",,EG,7,Egypt,Africa
"Rice, XIX. 234—bread of, IV. 300—its culture in China, VI. 579 ; Georgia, &e., XIX. 589; India, XI. 380; Java, RIC—RIG XII. 528 ; Lombardy, XIII. 480 ; Madagascar, 666 ; and the United States, XXI. 463",,"CN,GE,IN,MG",7,"China,Georgia,India,Madagascar","Asia,Asia,Asia,Africa"
"Richmond, the metropolis of Virginia, XIX. 238; XXL 659,  , in Surrey, XIX. 238","Richmond, Virginia, Surrey","ZA,CA",7,"South Africa,Canada","Africa,North America"
"Rosellini on ancient Egyptian monu¬ ments, XI. 358",,EG,7,Egypt,Africa
"Rosetta, XIX. 481; II. 230—attacked by the British in 1807, VIII. 497— —trilingual stone of, 560; XI. 306, 316, 338, n",Rosetta,"EG,GB",7,"Egypt,United Kingdom","Africa,Europe"
" George man-of-war, XX. 227- sinking of the, V. 422",George,ZA,7,South Africa,Africa
"Sabacon, king of Egypt, VIII. 466",,EG,7,Egypt,Africa
"Sabinus (George), poet, XIX. 599",George,ZA,7,South Africa,Africa
"Saffy, in Morocco, XIX. 609",,MA,7,Morocco,Africa
"Saki, in zoology, XIV. 96. * Sakkar, in Hindustan, XIX. 616",Saki,NG,7,Nigeria,Africa
"Sale, XIX. 617",Sale,MA,7,Morocco,Africa
"San, Chinese river, XIX. 634",San,"ML,CN",7,"Mali,China","Africa,Asia"
" (George), XIX. 640",George,ZA,7,South Africa,Africa
" , in Morocco, XV. 508",,MA,7,Morocco,Africa
"Sarmatians, XVII. 420—Constantine’s war with the, VIx. 271",Constantine,DZ,7,Algeria,Africa
"660—on the formation of the Delta of Egypt, VIII. 507",Delta,"EG,CA",7,"Egypt,Canada","Africa,North America"
"Schwyz, Swiss canton, XIX. 690",,SZ,7,Eswatini,Africa
"335—tyrannized over tjy Charles the Second, 349, 353—submission to Wil¬ liam the Third, 361—battle of Killi- krankie, 362 ; XII. 718—massacre of Glencoe, V. 364—colony on the Isth¬ mus of Darien, 365 ; VII. 625—union with England, V. 370—-articles of the union, XXI. 448-—attempt to dissolve union, V. 373—rebellions in 1715 and 1745, 374, 381—subsequent measures for tranquillizing the Highlands, 383 —application of the Catholics for re¬ lief, 411—act for the restoration of forfeited estates, 435—complaint of grievances by the royal burghs in 1791, 462—act for relief of the Ca¬ tholics, 470—prosecution of Muir and Palmer in 1793, 470—acts of parlia¬ ment in 1810 respecting ministers’ stipends and the Court of Session, 529—resistance to the abolition of small notes, 565—Buchanan’s His¬ tory of, 632—castles, VI. 234—Chal¬ mers’s Caledonia, 309 —*■ assassina¬ tion common in the 16th century, 616 —Lord High Constable, VII. 266— corn-laws, 337—coronach, 372—cot¬ ton-manufacture, 404, et seq.; X. 557 —Lord Hailes’s Annals of, VII. 602, 604—Defoe’s mission to, 670—emigra¬ tion from the Highlands, VIII. 688, 690—shipping,7 86—distillation, 44,50 —smuggling of whisky, 46—law of di¬ vorce, 72—early drama, 154—educa¬ tion, 789 ; I. 249 ; XXI. 508, 529— language, IX. 42—episcopacy, 316— fisheries, 599, 601 ; III. 112—iron¬ works, X. 560 ; XV. 246 ; XX. 408— glass-making, X. 565—Presbyterian¬ ism, XI. 559—horses, 597—rate of interest, XII. 324 — free-masonry, XIV. 283—lunatic asylums, 588—- militia, XV. 70—coal, 244—money, 399, 406 ; III. 544—canals, XVI. 7 —newspapers, 168—school of paint¬ ing, 727—banks, XVII. 42—patron¬ age, 145—pearls, 166 — Gaelic lan¬ guage, 414, 416—heights of moun¬ tains, 506, 557—lakes, 523—cataracts, 525 —constabulary, XVIII. 252 — post-office, 488—church, 526—pri¬ sons, 583—the Reformation, XIX. 96 —Robertson’s History of, 301—light¬ houses, XX. 29 — seceders, 61 — slavery, 383—Statistical Account of, 568 -— Gilbert Stuart’s History of, XX. 783—spirit-duties, XXI. 122— General Roy’s map of, 351—Ordnance Survey, 359, 360—measures, III. 544 ; XXI. 847, 851—weights, 851, 390 ; III. 544—woollen-manufacture, XXI","Wil, Darien, Palmer, Buchanan, Caledonia","US,CH,LR",7,"United States,Switzerland,Liberia","North America,Europe,Africa"
"Sculpture, XX. 1—Greek, III. 258— Egyptian, 262—Chinese, VI. 573— casting of statues, V. 588 ; VI. 230 ; IX. 791; XV. 311; XVII. 796—the Elgin Marbles, VIII. 668—knowledge of anatomy necessary to sculptors, XVII. 610",,"GR,EG,CN",7,"Greece,Egypt,China","Europe,Africa,Asia"
"Senegal, XX. 92—Adanson’s observa¬ tions there, II. 141",,SN,7,Senegal,Africa
" , a drug, alkali in, VI. 467— Egyptian, VIII. 526",,EG,7,Egypt,Africa
"Sennacherib, III. 718—invasion of Egypt by, VIII. 467",,EG,7,Egypt,Africa
"Sesak, king of Egypt,VIII. 542; XL 471",,EG,7,Egypt,Africa
"Sesonchis, king of Egypt, VIII. 542",,EG,7,Egypt,Africa
"Sethon, king of Egypt, VIII. 466",,EG,7,Egypt,Africa
" , Roman emperor, XIX. 410— Byzantium destroyed hy, V. 761—his residence in Egypt, VIII. 476—his expedition against the Caledonians, XIX. 695—Wall of, XX. 161",Roman,"EG,RO",7,"Egypt,Romania","Africa,Europe"
"Sheick, Egyptian officer, XX. 197",,EG,7,Egypt,Africa
"Sierra Leone, XX. 330; II. 234",,SL,7,Sierra Leone,Africa
"Silk-worms, XX. 350 ; IX. 239, 247— of Egypt, VIII. 525—Granada, X",Granada,"EG,NI",7,"Egypt,Nicaragua","Africa,North America"
"Simoom wind, XX. 356 ; XVII. 541 of Arabia, III. 324—of Egypt, VIII. 515 —its effects in the Sahara, XIX. 613",,EG,7,Egypt,Africa
"Sinclair (George), on the barometer, IV",George,ZA,7,South Africa,Africa
"Siut, Egyptian town, XX. 370",,EG,7,Egypt,Africa
"605—painted by the N. American Indians, II. 621—cellular tissue under the, 714 — its connection with the mucous membranes, 754—chemical character of, VI. 502—differences of its complexion, VII. 189—seat of its colour, 190—of the Crustacea, 497— eruption of, common in Egypt, VIII",,"EG,US",7,"Egypt,United States","Africa,North America"
"497—Java, 533—Nubia, XVI. 295  Russia, XIX. 579—the United States, XXI. 458—Virginia, 659—domestic, among the negroes, II. 223—Aris¬ totle’s view of, III. 528—Lord Ex¬ mouth’s expedition to Algiers for the suppression of, V. 542—resolutions of the House of Commons in 1823 for improving the treatment of slaves, 560—proceedings in 1824, 562—Mo¬ saic law respecting, XV. 565—its in¬ fluence on the Athenians, XX. 437  villenage, XXL 650. See Captive","Virginia, Algiers","RU,US,ZA,DZ",7,"Russian Federation,United States,South Africa,Algeria","Europe,North America,Africa,Africa"
"Smelt’s visit to Egypt, VIII. 557",,EG,7,Egypt,Africa
"So, king of Egypt, VIII. 466",,EG,7,Egypt,Africa
" , of Egypt, XX. 535 ; VIII. 549, 558",,EG,7,Egypt,Africa
"Springs, XX. 548; XVII. 527 —im¬ pregnations of, ib. — mineral, ib.— thermal, 528 — intermittent, 529 ; XVIII. 130—boiling springs in Ice¬ land, XII. 146—temperature of, XV",Springs,ZA,7,South Africa,Africa
"Staffordshire, XX. 557—potteries of, VIII. 779 ; XVIII. 500—iron-making in, XII. 431; XX. 408—Worcester¬ shire canal, XVI. 18",Worcester,ZA,7,South Africa,Africa
" (George), divine, XX. 561",George,ZA,7,South Africa,Africa
"Steam-Engine, XX. 610—historical de¬ scription, 611 ; X. 554 ; XIV. 351- era of the ancients, XX. 611—era of the Marquis of Worcester, 615— STE era of Watt, 632 ; XXI. 816—descrip¬ tion of the modern steam-engine, XX",Worcester,ZA,7,South Africa,Africa
"Steevens (George), XX. 715—on the popularity of Shakspeare, 170",George,ZA,7,South Africa,Africa
"Strabo, XX. 743; X. 390—his Geogra¬ phy, 395; XIX. 779—on Egyptian architecture, III. 262—his descrip¬ tion of the site of Corinth, VII. 327 —on mythological fables, 463—on Egyptian history, VIII. 460—on the tides, XXL 260",Corinth,"EG,US",7,"Egypt,United States","Africa,North America"
"Straw-plaiting in Orkney, XVI. 541",Orkney,ZA,7,South Africa,Africa
"Stromeyer, notice of his discovery of cadmium, V. 770. v Stromness, in Orkney, XX. 779",Orkney,ZA,7,South Africa,Africa
"Suez, XX. 788—canal across isthmus of, XVI. 1",Suez,EG,7,Egypt,Africa
"Syene, in Egypt, XXI. 52—antiquities at, VIII. 532",,EG,7,Egypt,Africa
"Syenite, Egyptian, VIII. 517",,EG,7,Egypt,Africa
"Tafilet, in Morocco, XV. 509",,MA,7,Morocco,Africa
"Tamatave, in Madagascar, XIII. 668",,MG,7,Madagascar,Africa
"Tangier, town in Morocco, XXI. 73; XV. 504—mole at, V. 214",Tangier,MA,7,Morocco,Africa
"Tarudant, in Morocco, XV. 508",,MA,7,Morocco,Africa
"Tenbury, in Worcester, XXL 178",Worcester,ZA,7,South Africa,Africa
"Tessin, Swiss canton, XXI. 188",,SZ,7,Eswatini,Africa
"Tetuan, in Morocco, XV. 504",,MA,7,Morocco,Africa
" , in Egypt, XXI. 199—ruins of, III. 409, 410, 411; VIII. 535—de- truction of, 473",,EG,7,Egypt,Africa
" (George), IV. 450, 609",George,ZA,7,South Africa,Africa
"Thuanus (J. A.), XXI. 253—his Table- Talk, II. 695—his character of George Buchanan, V. 633","George, Buchanan","ZA,LR",7,"South Africa,Liberia","Africa,Africa"
"Thurgau, Swiss canton, XXI. 254, 49 —education in, 50",,SZ,7,Eswatini,Africa
"Ticino, Swiss canton, XXI. 188",,SZ,7,Eswatini,Africa
"Tobacco, XVI. 208—Brazilian, V. 206 — Egyptian, VIII. 525—Greek, X",,"BR,EG,GR",7,"Brazil,Egypt,Greece","South America,Africa,Europe"
"727, 731—Indian, XI. 381—Mexican, XIV. 801—of the United States, XXL 463—of Virginia, 649—tax on, V. 378 —management of the duty on, trans¬ ferred to the excise, 455—alkali in, VI. 468—effect of custom in the use of, VII. 560—allays hunger, XI. 731 —useful in destroying insects, XII",Virginia,"US,ZA,IN,MX",7,"United States,South Africa,India,Mexico","North America,Africa,Asia,North America"
"Transcribers of books before the inven¬ tion of nrinting, IV. 622—Egyptian, VIII. 529",,EG,7,Egypt,Africa
"Tripoli, in Barbary, XXI. 387 ; II. 235; IV. 360—weights and measures of, XXI. 856",Tripoli,LY,7,Libya,Africa
"Troglodytes, a people of Ethiopia, XXL 388 ; II. 226, 231 ; IX. 377",,ET,7,Ethiopia,Africa
"Tunis, XXI. 402; II. 235, 510; IV",Tunis,TN,7,Tunisia,Africa
"Turks, African,II. 225—Egyptian, VIII",,EG,7,Egypt,Africa
"419—their conquest of Algiers, II",Algiers,DZ,7,Algeria,Africa
"283, et seq.—their first appearance in E urope, 28 8—Constantinople taken by, 290 ; XXI. 412—invasionandconquest of Egypt by, VIII. 479, 484—geome¬ try of, X. 428—in Greece, 737—their polity there, 733 — their language, XIII. 91—their attack on Malta, XIV. 60—conquest of Palestine by, XVI. 759. See Turkey",Palestine,"EG,GR,MT,US",7,"Egypt,Greece,Malta,United States","Africa,Europe,Europe,North America"
"637—natural bridge in Virginia, III",Virginia,ZA,7,South Africa,Africa
"Valaise, Swiss canton, XXI. 538",,SZ,7,Eswatini,Africa
"Valangin, Swiss town, XXI. 538",,SZ,7,Eswatini,Africa
"Vaud, Swiss canton, XXI. 565",,SZ,7,Eswatini,Africa
"Vevay, Swiss town, XXI. 638",,SZ,7,Eswatini,Africa
"Villiers (George), Duke of Bucking¬ ham, XXI. 651—his visit to Spain with Prince Charles, V. 308—im¬ peachment of, 311—war with France excited and mismanaged by, 312— assassination of, 313",George,"ES,FR,ZA",7,"Spain,France,South Africa","Europe,Europe,Africa"
" :—(George), second Duke of Buck¬ ingham, XXI. 651—his Rehearsal, VIII. 171",George,ZA,7,South Africa,Africa
"Villoteau (G. A.), on music in Egypt, XXL 325",,EG,7,Egypt,Africa
"Virginia, XXI. 657 —canals of, XVI",Virginia,ZA,7,South Africa,Africa
"Wamba, king of the Goths, XX. 493, Wanderou, in zoology, XIV. 93",Wamba,NG,7,Nigeria,Africa
"War re, in Benin, XVI. 223",,BJ,7,Benin,Africa
" (George), XXI. 783. See Ame¬ rican War",George,ZA,7,South Africa,Africa
"* (Lieut.), his account of Morocco, XV. 503",,MA,7,Morocco,Africa
"471—London water-companies, 507 —importance of supply of potable water, XIV. 511—fresh and sea water, in mineralogy, XV. 137—economy of, in canals, XVI. 33—ordeal by, 519— distribution of land and water on the globe, XVII. 499, 516—ebullition of, in air-pump, XVIII. 87 — air com¬ bined with, 97—motion of, in pipes, 110—why rendered scarce by frost, 121—stowage of, in ships, XX. 56— necessary to vegetation, XXI. 571— decomposed by galvanism, 678—holy water, 784. See Aqueduct, Deluge, Evaporation, Filter, Fluids, Hydrau¬ lics, Hydrodynamics, Hydrostatics, Irrigation, Mineral Waters, Pipes, Pump, Resistance of Fluids, Sea, Ri¬ ver, River-Water, Spring, Steam, Wa¬ ter-works, Wave","London, Spring, Wa","GB,US,GH",7,"United Kingdom,United States,Ghana","Europe,North America,Africa"
Watering-places. See Mineral Springs,Springs,ZA,7,South Africa,Africa
"Weights and Measures, XXI. 840— Brazilian, V. 210—modern Egyptian, VIII. 524—tables of, III. 544 ; XXL 846, 850—Beccaria’s plan of, IV. 506 —new system of, established by the French Convention, X. 83—present French, 193 ; XIII. 12 — Russian weights, XIX. 564, n.—assay-weights, III. 712—Dr Cumberland on Jewish weights, VII. 540",,"BR,EG,FR,RU",7,"Brazil,Egypt,France,Russian Federation","South America,Africa,Europe,Europe"
"Whitefield (George), XXI. 874—his separation from Wesley, XIV. 753— his visit to Scotland, XXI. 834","Whitefield, George","GB,ZA",7,"United Kingdom,South Africa","Europe,Africa"
"  — of Malmesbury, XXI. 887,  of Nassau, Prince of Orange, XL 511, et seq.', XVI. 106","Malmesbury, Nassau, Orange","ZA,BS,US",7,"South Africa,Bahamas,United States","Africa,North America,North America"
"  (George), Sir James Mackin¬ tosh’s character of, VIII. 265",George,ZA,7,South Africa,Africa
"Women of Afghanistan, II. 216; Al¬ bania, 379 ; Arabia, III. 336 ; ancient Athens, XX. 437 ; Austria, IV. 236 ; Ava, 243; Barbary, 263; Beloochis- tan, 558 ; Bogota, 735; Bolivia, 754; Buenos Ayres, V. 657; Bulgaria, 701; Chili, VI. 536, 538; China, 587 Circassia, VIII. 528 ; Cochin-China, VII. 13; Congo, 215; Crete, 465; Dahomey, 587 ; Egypt, VIII. 528 ; ancient Germany, VI. 596; X. 474; ancient Greece, VIII. 148 ; modern Greece, X. 742 ; Hindustan, XI. 404 ; XX. 797 ; the Ionian Islands, XII",Athens,"GR,AF,AT,BO,BG,CN,EG,DE,US",7,"Greece,Afghanistan,Austria,Bolivia, Plurinational State of,Bulgaria,China,Egypt,Germany,United States","Europe,Asia,Europe,South America,Europe,Asia,Africa,Europe,North America"
"615 ; of Egypt, II. 533 ; VIII. 529— the Amazons, II. 588—size of heads of new-born females, 758—weight of female infants, ib.—bearded women, III. 474—punishments of scolds, V",,EG,7,Egypt,Africa
"Worcester, XXL 940—battle of, V",Worcester,ZA,7,South Africa,Africa
"336—Worcester and Birmingham ca¬ nal, XVI. 21","Worcester, Birmingham","ZA,US",7,"South Africa,United States","Africa,North America"
"Year, astronomical and civil, VI. 4—• lunar, 7—Hindu, 263, 664—Olympic, 653 — Roman, 654—Jewish, 657—- Egyptian, 658; VIII. 555—Mahom- medan, VI. 661—Chinese, 663—Drui- dical, VIII. 206—confusion of civil with ecclesiastical, XVIII. 391,n. See Astronomy, Chronology",Roman,"RO,EG,CN",7,"Romania,Egypt,China","Europe,Africa,Asia"
"Yun-Lean-Ho, Chinese canal, XXI. 973",Ho,"GH,CN",7,"Ghana,China","Africa,Asia"
"Zaria, II. 238 ; XI. 710",Zaria,NG,7,Nigeria,Africa
"Zenobia, queen of Palmyra, XVI. 775 —her invasion of Egypt, VIII. 476 — conquered by Aurelian, XIX. 412",,EG,7,Egypt,Africa
"Zug, Swiss canton, XXI. 1025",Zug,"CH,SZ",7,"Switzerland,Eswatini","Europe,Africa"
